{"parameters/net.3.weight":{"bins":[-1.093247890472412,-1.0561813116073608,-1.0191148519515991,-0.9820482730865479,-0.9449817538261414,-0.9079152345657349,-0.8708486557006836,-0.8337821364402771,-0.7967156171798706,-0.7596490383148193,-0.7225825190544128,-0.6855159997940063,-0.6484494209289551,-0.6113829016685486,-0.5743163824081421,-0.5372498035430908,-0.5001832842826843,-0.46311676502227783,-0.42605018615722656,-0.38898366689682007,-0.3519171476364136,-0.3148505687713623,-0.2777840495109558,-0.24071753025054932,-0.20365095138549805,-0.16658443212509155,-0.12951791286468506,-0.09245133399963379,-0.05538487434387207,-0.0183182954788208,0.01874828338623047,0.05581474304199219,0.09288132190704346,0.12994790077209473,0.16701436042785645,0.20408093929290771,0.24114751815795898,0.2782139778137207,0.315280556678772,0.35234707593917847,0.38941359519958496,0.42648017406463623,0.4635466933250427,0.5006132125854492,0.5376797914505005,0.574746310710907,0.6118128299713135,0.6488794088363647,0.6859459280967712,0.7230124473571777,0.760079026222229,0.7971455454826355,0.834212064743042,0.8712786436080933,0.9083451628684998,0.9454116821289062,0.9824782609939575,1.0195448398590088,1.0566112995147705,1.0936778783798218,1.1307443380355835,1.1678109169006348,1.204877495765686,1.2419439554214478,1.279010534286499],"_type":"histogram","values":[3,1,0,0,2,0,2,5,3,11,8,15,14,15,17,20,19,26,32,30,41,50,40,52,75,98,110,134,181,200,205,142,126,89,75,52,21,21,22,19,12,12,8,7,6,6,3,0,4,2,1,1,1,2,1,1,1,0,1,0,1,0,1,1]},"epoch":37,"_timestamp":1.777654121186732e+09,"gradients/net.3.weight":{"values":[1,1,2,2,1,4,1,3,2,4,5,4,5,7,5,3,4,9,9,6,13,11,12,22,33,43,71,127,197,878,149,86,70,41,33,32,23,15,17,15,12,8,7,10,5,2,7,5,5,3,6,4,1,0,0,0,3,1,0,0,0,0,1,2],"bins":[-0.07740936428308487,-0.07481095939874649,-0.07221256196498871,-0.06961415708065033,-0.06701575219631195,-0.06441735476255417,-0.06181894987821579,-0.05922054871916771,-0.05662214756011963,-0.05402374640107155,-0.05142534524202347,-0.04882694035768509,-0.04622853919863701,-0.04363013803958893,-0.04103173315525055,-0.03843333199620247,-0.03583493083715439,-0.03323652967810631,-0.030638128519058228,-0.02803972363471985,-0.025441322475671768,-0.022842921316623688,-0.02024451643228531,-0.01764611527323723,-0.015047714114189148,-0.012449309229850769,-0.009850911796092987,-0.007252506911754608,-0.004654102027416229,-0.0020557045936584473,0.0005427002906799316,0.0031410977244377136,0.0057395026087760925,0.008337907493114471,0.010936304926872253,0.013534709811210632,0.016133107244968414,0.018731512129306793,0.021329917013645172,0.023928314447402954,0.026526719331741333,0.029125120490789413,0.031723521649837494,0.03432192653417587,0.03692032769322395,0.039518728852272034,0.04211713373661041,0.04471553489565849,0.047313936054706573,0.049912337213754654,0.052510738372802734,0.05510914325714111,0.057707544416189194,0.060305945575237274,0.06290435045957565,0.06550274789333344,0.06810115277767181,0.07069955766201019,0.07329795509576797,0.07589635998010635,0.07849475741386414,0.08109316229820251,0.0836915671825409,0.08628996461629868,0.08888836950063705],"_type":"histogram"},"gradients/net.6.weight":{"bins":[-0.3786281645298004,-0.36918413639068604,-0.35974013805389404,-0.35029610991477966,-0.3408520817756653,-0.3314080834388733,-0.3219640552997589,-0.31252002716064453,-0.30307602882385254,-0.29363200068473816,-0.2841879725456238,-0.2747439742088318,-0.2652999460697174,-0.255855917930603,-0.24641190469264984,-0.23696787655353546,-0.22752386331558228,-0.2180798500776291,-0.2086358219385147,-0.19919180870056152,-0.18974778056144714,-0.18030376732349396,-0.17085975408554077,-0.1614157259464264,-0.1519717127084732,-0.14252769947052002,-0.13308367133140564,-0.12363964319229126,-0.11419564485549927,-0.10475161671638489,-0.09530758857727051,-0.08586359024047852,-0.07641957700252533,-0.06697554886341095,-0.05753155052661896,-0.04808752238750458,-0.0386434942483902,-0.029199495911598206,-0.019755467772483826,-0.010311439633369446,-0.0008674263954162598,0.008576586842536926,0.018020614981651306,0.027464628219604492,0.03690864145755768,0.04635266959667206,0.055796682834625244,0.06524071097373962,0.07468472421169281,0.084128737449646,0.09357276558876038,0.10301677882671356,0.11246079951524734,0.12190482020378113,0.13134883344173431,0.1407928466796875,0.15023687481880188,0.15968090295791626,0.16912491619586945,0.17856892943382263,0.188012957572937,0.1974569708108902,0.20690098404884338,0.21634501218795776,0.22578902542591095],"_type":"histogram","values":[1,0,0,0,0,0,0,0,0,0,1,0,0,0,0,0,0,0,0,0,1,0,0,1,0,1,1,2,2,2,0,1,4,1,5,2,6,3,11,17,70,10,12,7,4,8,4,3,1,2,1,2,3,0,0,0,1,0,1,0,0,0,0,1]},"confusion_matrix":{"_type":"image-file","sha256":"2b5628bcd2a81a009e2d8e1ae90127daeee3c8a63cd7d6036add1498e8f8afd1","size":17286,"path":"media/images/confusion_matrix_38_2b5628bcd2a81a009e2d.png","format":"png","width":600,"height":500},"_step":38,"val_prec":0.2653023844927156,"val_f1":0.28247780887625046,"test_size":2000,"parameters/net.6.bias":{"values":[1,0,0,0,0,0,0,0,0,0,0,0,0,0,0,0,0,0,0,0,0,1,0,0,0,0,0,0,0,0,0,0,2,0,0,0,0,0,0,0,0,0,0,1,0,0,0,0,0,0,0,0,0,0,0,0,0,0,0,0,0,0,0,1],"bins":[-0.4954359531402588,-0.4791613817214966,-0.462886780500412,-0.4466122090816498,-0.4303376078605652,-0.414063036441803,-0.39778846502304077,-0.38151389360427856,-0.36523929238319397,-0.3489646911621094,-0.33269011974334717,-0.31641554832458496,-0.30014097690582275,-0.28386637568473816,-0.26759180426597595,-0.25131720304489136,-0.23504263162612915,-0.21876806020736694,-0.20249345898628235,-0.18621888756752014,-0.16994428634643555,-0.15366971492767334,-0.13739514350891113,-0.12112054228782654,-0.10484597086906433,-0.08857139945030212,-0.07229679822921753,-0.05602222681045532,-0.039747655391693115,-0.02347305417060852,-0.0071984827518463135,0.009076118469238281,0.025350749492645264,0.04162532091140747,0.057899922132492065,0.07417449355125427,0.09044909477233887,0.10672366619110107,0.12299823760986328,0.13927283883094788,0.15554741024971008,0.1718219816684723,0.18809658288955688,0.2043711543083191,0.2206457257270813,0.2369203269481659,0.2531948983669281,0.2694694995880127,0.2857440710067749,0.3020186424255371,0.3182932436466217,0.3345678150653839,0.3508424162864685,0.3671169877052307,0.3833915591239929,0.3996661305427551,0.4159407317638397,0.4322153329849243,0.4484899044036865,0.46476447582244873,0.48103904724121094,0.49731364846229553,0.5135882496833801,0.5298628211021423,0.5461373925209045],"_type":"histogram"},"gradients/net.3.bias":{"_type":"histogram","values":[2,1,0,1,0,0,0,0,0,0,0,0,0,0,0,0,2,1,1,0,0,0,3,1,1,0,2,1,2,1,2,0,1,1,1,1,0,0,0,0,0,0,1,2,0,0,0,0,0,1,1,0,0,0,0,0,0,0,0,0,0,1,0,1],