{"train_loss":0.10550970357656479,"test_size":2000,"_wandb":{"runtime":23},"_timestamp":1.7779292891031363e+09,"parameters/net.6.bias":{"bins":[-0.9870398640632629,-0.9546833038330078,-0.9223267436027527,-0.8899701833724976,-0.8576135635375977,-0.8252570629119873,-0.7929004430770874,-0.7605438828468323,-0.7281873226165771,-0.695830762386322,-0.6634742021560669,-0.631117582321167,-0.5987610816955566,-0.5664044618606567,-0.5340479016304016,-0.5016913414001465,-0.46933478116989136,-0.43697822093963623,-0.4046216607093811,-0.372265100479126,-0.33990854024887085,-0.30755192041397095,-0.2751953601837158,-0.2428387999534607,-0.21048223972320557,-0.17812567949295044,-0.1457691192626953,-0.11341255903244019,-0.08105593919754028,-0.048699378967285156,-0.01634281873703003,0.016013681888580322,0.04837024211883545,0.08072686195373535,0.1130833625793457,0.14543992280960083,0.17779648303985596,0.21015310287475586,0.242509663105011,0.2748662233352661,0.30722278356552124,0.33957934379577637,0.3719359040260315,0.4042924642562866,0.4366490840911865,0.46900564432144165,0.5013622045516968,0.5337187647819519,0.566075325012207,0.5984318852424622,0.6307884454727173,0.6631450653076172,0.6955015659332275,0.7278581857681274,0.7602147459983826,0.7925713062286377,0.8249278664588928,0.857284426689148,0.8896409869194031,0.9219975471496582,0.9543541669845581,0.9867107272148132,1.0190672874450684,1.0514237880706787,1.0837804079055786],"_type":"histogram","values":[1,0,0,0,0,0,0,0,0,0,0,0,0,1,0,0,0,0,0,0,0,0,0,0,0,0,0,0,0,1,0,0,0,1,0,0,0,0,1,0,0,0,0,0,0,0,0,0,0,0,0,0,0,0,0,0,0,0,0,0,0,0,0,1]},"parameters/net.0.weight":{"values":[1,1,0,0,1,0,0,1,1,4,1,2,1,0,3,4,2,4,4,4,3,3,3,6,4,5,11,4,14,8,10,8,14,7,5,6,2,2,1,1,2,1,1,3,5,3,4,1,1,1,0,3,5,0,1,2,1,1,0,3,1,0,1,1],"bins":[-1.1665866374969482,-1.1289738416671753,-1.0913609266281128,-1.0537481307983398,-1.016135334968567,-0.9785224795341492,-0.9409096240997314,-0.9032968282699585,-0.8656840324401855,-0.8280711770057678,-0.7904583215713501,-0.7528455257415771,-0.7152326703071594,-0.6776198148727417,-0.6400070190429688,-0.6023942232131958,-0.5647813677787781,-0.5271685123443604,-0.4895557165145874,-0.4519428610801697,-0.41433006525039673,-0.376717209815979,-0.33910441398620605,-0.30149155855178833,-0.2638787031173706,-0.22626590728759766,-0.18865305185317993,-0.1510401964187622,-0.11342740058898926,-0.07581460475921631,-0.03820180892944336,-0.0005888938903808594,0.03702390193939209,0.07463669776916504,0.11224961280822754,0.1498624086380005,0.18747520446777344,0.2250880002975464,0.2627008557319641,0.30031371116638184,0.3379265069961548,0.3755393624305725,0.41315221786499023,0.4507650136947632,0.4883778691291809,0.5259906649589539,0.5636035203933716,0.6012163162231445,0.6388291716575623,0.67644202709198,0.7140548229217529,0.7516676187515259,0.7892804741859436,0.8268933296203613,0.8645061254501343,0.902118980884552,0.9397318363189697,0.9773446321487427,1.0149574279785156,1.0525703430175781,1.090183138847351,1.127795934677124,1.165408730506897,1.2030216455459595,1.2406344413757324],"_type":"histogram"},"val_prec":0.32462661493356165,"parameters/net.3.bias":{"values":[1,1,0,0,0,1,0,0,1,0,0,0,0,1,1,1,1,3,0,0,1,0,0,0,0,1,0,0,0,0,0,0,0,1,1,1,0,1,2,1,1,0,0,0,0,1,1,0,1,1,0,1,0,1,0,1,1,1,0,1,0,0,0,1],"bins":[-0.5085510015487671,-0.4876714050769806,-0.4667918086051941,-0.44591224193573,-0.4250326454639435,-0.404153048992157,-0.38327348232269287,-0.36239388585090637,-0.3415142893791199,-0.3206346929073334,-0.2997550964355469,-0.27887552976608276,-0.25799593329429626,-0.23711633682250977,-0.21623677015304565,-0.19535717368125916,-0.17447757720947266,-0.15359798073768616,-0.13271838426589966,-0.11183881759643555,-0.09095922112464905,-0.07007962465286255,-0.04920005798339844,-0.02832046151161194,-0.0074408650398254395,0.013438701629638672,0.03431832790374756,0.05519789457321167,0.07607746124267578,0.09695708751678467,0.11783665418624878,0.13871628046035767,0.15959584712982178,0.1804754137992859,0.20135504007339478,0.2222346067428589,0.24311423301696777,0.2639937996864319,0.284873366355896,0.3057529926300049,0.326632559299469,0.3475121557712555,0.368391752243042,0.3892713189125061,0.4101509153842926,0.4310305118560791,0.4519100785255432,0.4727896749973297,0.4936692714691162,0.5145488977432251,0.5354284644126892,0.5563080310821533,0.5771876573562622,0.5980672240257263,0.6189467906951904,0.6398264169692993,0.6607059836387634,0.6815855503082275,0.7024651765823364,0.7233447432518005,0.7442243099212646,0.7651039361953735,0.7859835028648376,0.8068631291389465,0.8277426958084106],"_type":"histogram"},"gradients/net.3.weight":{"values":[1,0,0,1,1,1,0,4,7,3,14,26,54,57,102,1596,106,22,3,5,4,4,5,4,3,1,2,2,1,2,0,0,1,0,0,3,0,1,0,0,0,2,0,0,1,1,0,0,1,1,0,0,0,2,0,2,0,0,0,0,0,0,0,2],"bins":[-0.014600633643567562,-0.01368067879229784,-0.012760723009705544,-0.011840768158435822,-0.0109208133071661,-0.010000858455896378,-0.009080902673304081,-0.008160947822034359,-0.00724099250510335,-0.00632103718817234,-0.005401082336902618,-0.004481127485632896,-0.0035611717030406,-0.002641216851770878,-0.0017212620005011559,-0.0008013062179088593,0.00011864863336086273,0.0010386044159531593,0.0019585592672228813,0.0028785141184926033,0.0037984689697623253,0.004718423821032047,0.005638378672301769,0.0065583353862166405,0.0074782902374863625,0.008398245088756084,0.009318199940025806,0.010238154791295528,0.01115810964256525,0.012078066356480122,0.012998021207749844,0.013917976059019566,0.014837929978966713,0.015757884830236435,0.016677839681506157,0.01759779453277588,0.01851775124669075,0.019437706097960472,0.020357660949230194,0.021277615800499916,0.022197570651769638,0.02311752550303936,0.02403748221695423,0.024957437068223953,0.025877391919493675,0.026797346770763397,0.02771730162203312,0.02863725647330284,0.029557213187217712,0.030477166175842285,0.031397122889757156,0.03231707960367203,0.0332370325922966,0.03415698930621147,0.035076942294836044,0.035996899008750916,0.03691685199737549,0.03783680871129036,0.03875676542520523,0.0396767184138298,0.040596675127744675,0.04151662811636925,0.04243658483028412,0.04335653781890869,0.04427649453282356],"_type":"histogram"},"val_loss":0.09884916552901268,"val_f1":0.3712264204648723,"parameters/net.6.weight":{"bins":[-2.405000686645508,-2.3599371910095215,-2.3148739337921143,-2.269810438156128,-2.2247469425201416,-2.1796836853027344,-2.134620189666748,-2.0895566940307617,-2.0444931983947754,-1.9994299411773682,-1.9543664455413818,-1.909303069114685,-1.8642396926879883,-1.819176197052002,-1.7741128206253052,-1.7290494441986084,-1.683985948562622,-1.6389224529266357,-1.593859076499939,-1.5487957000732422,-1.5037322044372559,-1.458668828010559,-1.4136054515838623,-1.368541955947876,-1.3234785795211792,-1.2784152030944824,-1.233351707458496,-1.1882883310317993,-1.1432249546051025,-1.0981614589691162,-1.0530980825424194,-1.008034586906433,-0.9629712104797363,-0.9179078340530396,-0.8728443384170532,-0.8277809619903564,-0.7827174663543701,-0.7376540899276733,-0.6925907135009766,-0.6475272178649902,-0.6024638414382935,-0.5574004650115967,-0.5123369693756104,-0.4672735929489136,-0.422210156917572,-0.37714672088623047,-0.3320833444595337,-0.28701990842819214,-0.24195647239685059,-0.19689303636550903,-0.15182960033416748,-0.1067662239074707,-0.06170278787612915,-0.016639351844787598,0.028424054384231567,0.07348746061325073,0.11855089664459229,0.16361433267593384,0.208677738904953,0.25374114513397217,0.2988045811653137,0.3438680171966553,0.38893142342567444,0.4339948296546936,0.47905826568603516],"_type":"histogram","values":[1,0,0,0,0,0,1,0,0,1,1,0,0,1,0,0,0,2,0,2,2,1,0,3,0,1,2,1,1,4,0,0,5,0,1,0,0,2,0,0,2,3,1,1,1,2,4,1,2,7,6,6,11,15,17,21,18,10,8,8,8,3,3,2]},"rows":10000,