{"test_size":2000,"train_size":8000,"parameters/net.6.bias":{"_type":"histogram","values":[1,0,0,0,0,0,0,0,0,0,0,0,0,0,0,1,0,0,0,0,0,0,0,0,0,0,0,0,0,0,0,1,0,0,0,0,0,0,0,1,0,0,0,0,0,0,0,0,0,0,0,0,1,0,0,0,0,0,0,0,0,0,0,1],"bins":[-0.48021018505096436,-0.4671918451786041,-0.4541735351085663,-0.44115519523620605,-0.4281368851661682,-0.415118545293808,-0.40210020542144775,-0.3890818953514099,-0.3760635554790497,-0.36304521560668945,-0.3500269055366516,-0.3370085656642914,-0.32399022579193115,-0.3109719157218933,-0.2979535758495331,-0.28493523597717285,-0.271916925907135,-0.25889861583709717,-0.24588027596473694,-0.2328619360923767,-0.21984362602233887,-0.20682528614997864,-0.1938069462776184,-0.18078863620758057,-0.16777029633522034,-0.1547519564628601,-0.14173364639282227,-0.12871530652046204,-0.1156969666481018,-0.10267865657806396,-0.08966031670570374,-0.0766420066356659,-0.06362363696098328,-0.05060529708862305,-0.037586987018585205,-0.024568647146224976,-0.011550337076187134,0.0014680027961730957,0.014486342668533325,0.027504652738571167,0.040522992610931396,0.053541332483291626,0.06655964255332947,0.0795779824256897,0.09259632229804993,0.10561463236808777,0.118632972240448,0.13165129721164703,0.14466962218284607,0.1576879471540451,0.17070627212524414,0.18372461199760437,0.1967429369688034,0.20976126194000244,0.22277960181236267,0.2357979267835617,0.24881625175476074,0.2618345618247986,0.2748529016971588,0.28787124156951904,0.3008895516395569,0.3139078915119171,0.32692623138427734,0.3399445414543152,0.3529628813266754]},"gradients/net.0.weight":{"bins":[-0.03663361445069313,-0.035026684403419495,-0.03341975435614586,-0.03181282430887222,-0.030205894261598587,-0.02859896421432495,-0.026992036029696465,-0.02538510598242283,-0.023778175935149193,-0.022171245887875557,-0.02056431584060192,-0.018957385793328285,-0.0173504576086998,-0.015743527561426163,-0.014136597514152527,-0.012529667466878891,-0.010922737419605255,-0.00931580737233162,-0.007708877325057983,-0.0061019472777843475,-0.004495017230510712,-0.002888087183237076,-0.00128115713596344,0.0003257729113101959,0.0019326992332935333,0.003539629280567169,0.005146559327840805,0.006753489375114441,0.008360419422388077,0.009967349469661713,0.011574279516935349,0.013181209564208984,0.014788143336772919,0.016395073384046555,0.01800200343132019,0.019608933478593826,0.021215863525867462,0.022822793573141098,0.024429723620414734,0.02603665366768837,0.027643583714962006,0.029250510036945343,0.03085744008421898,0.032464370131492615,0.03407130017876625,0.035678230226039886,0.03728516027331352,0.03889209032058716,0.040499020367860794,0.04210595041513443,0.043712880462408066,0.0453198105096817,0.04692674055695534,0.04853367060422897,0.05014059692621231,0.051747530698776245,0.05335445702075958,0.05496139079332352,0.056568317115306854,0.05817524716258049,0.059782177209854126,0.06138910725712776,0.0629960373044014,0.06460297107696533,0.06620989739894867],"_type":"histogram","values":[1,0,0,1,0,3,0,2,2,3,1,4,1,2,5,4,7,6,7,6,13,10,28,17,11,5,9,6,5,3,5,3,4,0,1,3,1,1,2,0,1,1,1,2,0,0,2,0,1,0,1,0,0,0,0,0,0,0,0,0,0,0,0,1]},"parameters/net.6.weight":{"bins":[-1.043023943901062,-1.0215681791305542,-1.0001124143600464,-0.9786566495895386,-0.9572008848190308,-0.935745120048523,-0.9142893552780151,-0.8928335905075073,-0.8713778257369995,-0.8499220609664917,-0.8284662961959839,-0.8070105314254761,-0.7855547666549683,-0.7640990018844604,-0.7426432371139526,-0.7211874723434448,-0.699731707572937,-0.6782759428024292,-0.6568201780319214,-0.6353644132614136,-0.6139086484909058,-0.592452883720398,-0.5709971189498901,-0.5495413541793823,-0.5280856490135193,-0.5066298842430115,-0.48517411947250366,-0.46371835470199585,-0.44226258993148804,-0.4208068251609802,-0.3993510603904724,-0.3778952956199646,-0.3564395010471344,-0.3349837362766266,-0.3135279715061188,-0.29207220673561096,-0.27061644196510315,-0.24916067719459534,-0.22770491242408752,-0.2062491476535797,-0.1847933828830719,-0.16333764791488647,-0.14188188314437866,-0.12042611837387085,-0.09897035360336304,-0.07751458883285522,-0.05605882406234741,-0.0346030592918396,-0.013147294521331787,0.008308470249176025,0.029764235019683838,0.05121999979019165,0.07267576456069946,0.09413151443004608,0.1155872792005539,0.1370430439710617,0.15849880874156952,0.17995457351207733,0.20141033828258514,0.22286608815193176,0.24432185292243958,0.2657776176929474,0.2872333824634552,0.308689147233963,0.3301449120044708],"_type":"histogram","values":[1,0,1,0,0,0,0,0,0,0,1,2,0,1,2,0,2,2,1,1,2,1,6,0,3,2,1,1,4,2,0,1,2,2,6,3,4,2,3,1,3,3,4,4,4,3,4,2,2,11,3,9,13,10,16,8,8,5,5,4,4,5,0,2]},"val_loss":0.12205042213201522,"gradients/net.6.bias":{"values":[1,0,0,0,0,0,0,0,0,0,0,0,0,0,0,0,1,0,0,0,0,0,0,0,0,0,0,0,0,0,0,0,0,0,0,0,0,0,0,1,0,0,0,0,1,0,0,0,0,0,0,0,0,0,1,0,0,0,0,0,0,0,0,1],"bins":[-0.05522863194346428,-0.053716737776994705,-0.05220483988523483,-0.05069294571876526,-0.049181051552295685,-0.04766915366053581,-0.04615725949406624,-0.044645361602306366,-0.04313346743583679,-0.04162157326936722,-0.040109675377607346,-0.03859778121113777,-0.0370858833193779,-0.035573989152908325,-0.03406209498643875,-0.03255020081996918,-0.031038302928209305,-0.02952640689909458,-0.02801451086997986,-0.026502616703510284,-0.02499072067439556,-0.023478824645280838,-0.021966930478811264,-0.02045503258705139,-0.018943138420581818,-0.017431244254112244,-0.01591934636235237,-0.014407452195882797,-0.012895558029413223,-0.01138366013765335,-0.009871765971183777,-0.008359868079423904,-0.006847970187664032,-0.005336076021194458,-0.0038241781294345856,-0.0023122839629650116,-0.0008003860712051392,0.0007115080952644348,0.002223402261734009,0.0037353001534938812,0.005247194319963455,0.006759088486433029,0.008270986378192902,0.009782880544662476,0.011294776573777199,0.012806672602891922,0.014318566769361496,0.01583046279847622,0.017342358827590942,0.018854254856705666,0.02036615088582039,0.021878045052289963,0.023389941081404686,0.02490183711051941,0.026413731276988983,0.027925627306103706,0.02943752333521843,0.030949419364333153,0.032461315393447876,0.03397320955991745,0.035485103726387024,0.036997001618146896,0.03850889578461647,0.04002079367637634,0.04153268784284592],"_type":"histogram"},"_timestamp":1.777930819279037e+09,"parameters/net.0.weight":{"_type":"histogram","values":[1,1,0,0,0,2,3,1,7,4,2,5,1,3,5,3,4,4,1,3,3,2,4,2,2,3,8,3,2,7,6,7,3,3,9,5,6,1,2,2,3,0,3,3,5,4,4,3,3,1,1,2,2,2,0,5,4,1,5,1,1,2,3,4],"bins":[-0.7945581078529358,-0.7711172699928284,-0.747676432132721,-0.7242355942726135,-0.7007948160171509,-0.6773539781570435,-0.653913140296936,-0.6304723024368286,-0.6070314645767212,-0.5835906267166138,-0.5601497888565063,-0.5367089509963989,-0.5132681131362915,-0.48982730507850647,-0.46638649702072144,-0.442945659160614,-0.4195048213005066,-0.39606398344039917,-0.37262314558029175,-0.3491823375225067,-0.3257414996623993,-0.30230066180229187,-0.27885985374450684,-0.2554190158843994,-0.231978178024292,-0.20853734016418457,-0.18509650230407715,-0.16165566444396973,-0.13821488618850708,-0.11477404832839966,-0.09133321046829224,-0.06789237260818481,-0.04445153474807739,-0.02101069688796997,0.002430140972137451,0.025870978832244873,0.049311816692352295,0.07275259494781494,0.09619343280792236,0.11963427066802979,0.1430751085281372,0.16651594638824463,0.18995678424835205,0.21339759230613708,0.2368384301662445,0.26027926802635193,0.28372007608413696,0.3071609139442444,0.3306017518043518,0.35404258966445923,0.37748342752456665,0.4009242355823517,0.4243650734424591,0.44780591130256653,0.47124671936035156,0.494687557220459,0.5181283950805664,0.5415692329406738,0.5650100708007812,0.5884509086608887,0.6118917465209961,0.6353325247764587,0.6587733626365662,0.6822142004966736,0.705655038356781]},