{"_runtime":53,"parameters/net.3.bias":{"bins":[-0.6370007395744324,-0.6152012944221497,-0.5934019088745117,-0.571602463722229,-0.5498030185699463,-0.5280036330223083,-0.5062041878700256,-0.4844047725200653,-0.462605357170105,-0.44080591201782227,-0.41900649666786194,-0.3972070813179016,-0.3754076361656189,-0.35360822081565857,-0.33180880546569824,-0.3100093603134155,-0.2882099449634552,-0.2664105296134949,-0.24461108446121216,-0.22281166911125183,-0.2010122537612915,-0.1792128086090088,-0.15741339325904846,-0.13561397790908813,-0.11381453275680542,-0.09201514720916748,-0.07021570205688477,-0.04841625690460205,-0.02661687135696411,-0.0048174262046813965,0.01698201894760132,0.03878140449523926,0.06058084964752197,0.08238029479980469,0.10417968034744263,0.12597912549972534,0.14777857065200806,0.169577956199646,0.1913774013519287,0.21317684650421143,0.23497623205184937,0.2567756772041321,0.2785750925540924,0.30037450790405273,0.32217395305633545,0.3439733684062958,0.3657727837562561,0.3875722289085388,0.40937164425849915,0.4311710596084595,0.4529705047607422,0.4747699201107025,0.49656933546066284,0.5183687806129456,0.5401681661605835,0.5619676113128662,0.5837670564651489,0.6055665016174316,0.6273658871650696,0.6491653323173523,0.6709647178649902,0.692764163017273,0.7145636081695557,0.7363629937171936,0.7581624388694763],"_type":"histogram","values":[1,0,0,0,1,0,0,1,0,0,0,0,0,0,0,0,0,0,0,0,0,0,0,0,1,3,1,0,1,1,1,1,0,0,0,3,1,0,0,1,1,0,3,1,0,0,1,1,0,0,0,0,1,1,1,0,0,0,0,3,0,0,1,1]},"columns":["Air temperature [K]","Process temperature [K]","Rotational speed [rpm]","Torque [Nm]","Tool wear [min]","Failure Type"],"gradients/net.6.weight":{"_type":"histogram","values":[2,0,2,1,0,1,2,3,1,0,2,1,2,2,2,2,3,2,2,1,1,3,2,2,5,71,29,6,7,2,4,4,2,5,1,2,0,1,0,2,3,0,0,1,1,0,1,0,1,1,0,0,0,0,0,0,0,1,0,1,0,1,0,1],"bins":[-0.10683263838291168,-0.1026981770992279,-0.09856371581554413,-0.09442925453186035,-0.09029479324817657,-0.0861603319644928,-0.08202587068080902,-0.07789140939712524,-0.07375694811344147,-0.06962248682975769,-0.06548802554607391,-0.06135356426239014,-0.05721910297870636,-0.05308464169502258,-0.048950180411338806,-0.04481571912765503,-0.04068125784397125,-0.036546796560287476,-0.0324123352766037,-0.028277873992919922,-0.024143412709236145,-0.020008951425552368,-0.01587449014186859,-0.011740028858184814,-0.007605567574501038,-0.0034711062908172607,0.0006633549928665161,0.004797816276550293,0.00893227756023407,0.013066738843917847,0.017201200127601624,0.0213356614112854,0.025470107793807983,0.02960456907749176,0.03373903036117554,0.037873491644859314,0.04200795292854309,0.04614241421222687,0.050276875495910645,0.05441133677959442,0.0585457980632782,0.06268025934696198,0.06681472063064575,0.07094918191432953,0.0750836431980133,0.07921810448169708,0.08335256576538086,0.08748702704906464,0.09162148833274841,0.09575594961643219,0.09989041090011597,0.10402487218379974,0.10815933346748352,0.1122937947511673,0.11642825603485107,0.12056271731853485,0.12469717860221863,0.1288316398859024,0.13296610116958618,0.13710056245326996,0.14123502373695374,0.1453694850206375,0.1495039463043213,0.15363840758800507,0.15777286887168884]},"parameters/net.6.weight":{"values":[1,0,0,0,1,1,0,0,0,1,4,0,2,1,1,2,2,3,2,3,2,2,4,2,3,2,3,2,7,5,2,2,5,2,5,7,2,10,11,15,19,25,12,3,3,5,2,2,1,1,0,0,0,0,0,0,0,0,0,0,0,1,0,1],"bins":[-2.1879591941833496,-2.1306869983673096,-2.0734148025512695,-2.0161426067352295,-1.9588702917099,-1.9015980958938599,-1.8443257808685303,-1.7870535850524902,-1.7297813892364502,-1.6725091934204102,-1.6152369976043701,-1.5579646825790405,-1.5006924867630005,-1.4434202909469604,-1.3861479759216309,-1.3288757801055908,-1.2716035842895508,-1.2143313884735107,-1.1570591926574707,-1.0997868776321411,-1.042514681816101,-0.985242486000061,-0.9279701709747314,-0.8706979751586914,-0.8134257793426514,-0.7561535835266113,-0.6988813877105713,-0.6416090726852417,-0.5843368768692017,-0.5270646810531616,-0.46979236602783203,-0.412520170211792,-0.35524797439575195,-0.2979757785797119,-0.24070358276367188,-0.18343126773834229,-0.12615907192230225,-0.06888687610626221,-0.011614561080932617,0.04565763473510742,0.10292983055114746,0.1602020263671875,0.21747422218322754,0.27474653720855713,0.33201873302459717,0.3892909288406372,0.4465632438659668,0.5038354396820068,0.5611076354980469,0.6183798313140869,0.6756520867347717,0.7329243421554565,0.7901965379714966,0.8474687337875366,0.9047409892082214,0.9620132446289062,1.0192854404449463,1.0765576362609863,1.1338298320770264,1.191102147102356,1.248374342918396,1.305646538734436,1.3629188537597656,1.4201910495758057,1.4774632453918457],"_type":"histogram"},"_timestamp":1.777654942402858e+09,"val_f1":0.3116668669308022,"distribution_comparison":{"size":236,"ncols":4,"_type":"table-file","nrows":3,"artifact_path":"wandb-client-artifact://ygctvavvevqcebkk6tt2o5mxdbi1e94pyvyz5mcygoep5r4louakz05ca5eozgghsd30sn4z0ajy1s2ne6bv0hjbsj04h4n2zj5wzimb5sqh7oedpwsg7xkzhgjoj07l/distribution_comparison.table.json","_latest_artifact_path":"wandb-client-artifact://kthaiojfmozdabcp7l31afgb5msu5tnmhags9roprp4fujc3aa073y9cpo8sklwohql7vwajjv8v3s5v6q8a24zqi2uou4573apa5gbgkf2w4dn1e4yv5vxtncasr614:latest/distribution_comparison.table.json","sha256":"68fd0f1e3e63bb88e70ed326ec8b750e54b22895b6291e02d13d7eca6fdda444","path":"media/table/distribution_comparison_0_68fd0f1e3e63bb88e70e.table.json","log_mode":"IMMUTABLE"},"_step":40,"parameters/net.0.weight":{"bins":[-1.0274056196212769,-0.9963939189910889,-0.9653821587562561,-0.9343704581260681,-0.9033586978912354,-0.8723469972610474,-0.8413352966308594,-0.8103235960006714,-0.7793118357658386,-0.7483000755310059,-0.7172883749008179,-0.6862766742706299,-0.6552649736404419,-0.6242532134056091,-0.5932415127754211,-0.5622297525405884,-0.5312180519104004,-0.5002063512802124,-0.46919459104537964,-0.43818289041519165,-0.4071711301803589,-0.3761594295501709,-0.3451477289199829,-0.31413596868515015,-0.28312426805496216,-0.25211256742477417,-0.2211008071899414,-0.19008910655975342,-0.15907740592956543,-0.12806564569473267,-0.09705394506454468,-0.06604218482971191,-0.0350305438041687,-0.004018843173980713,0.02699291706085205,0.05800461769104004,0.0890163779258728,0.12002807855606079,0.15103977918624878,0.18205153942108154,0.21306324005126953,0.24407494068145752,0.2750867009162903,0.30609840154647827,0.33711010217666626,0.368121862411499,0.399133563041687,0.4301453232765198,0.46115702390670776,0.49216875433921814,0.5231804847717285,0.5541921854019165,0.5852038860321045,0.6162156462669373,0.6472273468971252,0.678239107131958,0.709250807762146,0.740262508392334,0.7712742686271667,0.8022859692573547,0.8332977294921875,0.8643094301223755,0.8953211307525635,0.9263328909873962,0.9573445916175842],"_type":"histogram","values":[1,1,0,0,0,1,1,2,2,2,2,4,2,5,1,5,4,2,5,1,4,6,4,5,4,7,3,8,5,5,2,6,2,7,7,4,1,3,2,4,2,2,5,5,2,0,3,5,2,6,5,4,5,3,4,4,2,2,0,0,0,0,0,1]},"train_size":8000,"val_prec":0.27708884787159066,