{"parameters/net.6.weight":{"values":[1,0,0,0,0,0,0,0,0,0,0,0,0,0,2,0,1,1,1,1,0,0,1,3,2,3,4,3,0,2,0,4,4,4,1,3,4,3,4,6,2,5,6,6,3,3,2,3,8,11,6,13,6,17,13,8,6,3,6,3,1,1,0,2],"bins":[-1.0822603702545166,-1.059652328491211,-1.0370444059371948,-1.0144363641738892,-0.9918283224105835,-0.9692203402519226,-0.9466123580932617,-0.924004316329956,-0.9013962745666504,-0.8787882924079895,-0.8561803102493286,-0.833572268486023,-0.8109642863273621,-0.7883563041687012,-0.7657482624053955,-0.7431402206420898,-0.720532238483429,-0.6979242563247681,-0.6753162145614624,-0.6527081727981567,-0.6301001906394958,-0.607492208480835,-0.5848841667175293,-0.5622761845588684,-0.5396682024002075,-0.5170601606369019,-0.49445217847824097,-0.4718441367149353,-0.4492361545562744,-0.42662811279296875,-0.40402013063430786,-0.3814120888710022,-0.3588040769100189,-0.33619609475135803,-0.31358805298805237,-0.2909800708293915,-0.2683720290660858,-0.24576404690742493,-0.22315600514411926,-0.20054802298545837,-0.1779399812221527,-0.15533199906349182,-0.13272398710250854,-0.11011597514152527,-0.08750799298286438,-0.0648999810218811,-0.04229196906089783,-0.01968395709991455,0.0029240548610687256,0.025532066822052002,0.04814007878303528,0.07074809074401855,0.09335610270500183,0.11596409976482391,0.138572096824646,0.16118010878562927,0.18378812074661255,0.20639613270759583,0.2290041446685791,0.25161212682724,0.27422016859054565,0.29682815074920654,0.3194361627101898,0.3420441746711731,0.36465218663215637],"_type":"histogram"},"val_f1":0.3973473251641666,"gradients/net.0.weight":{"bins":[-0.0330362468957901,-0.03205655887722969,-0.03107687085866928,-0.03009718284010887,-0.029117494821548462,-0.028137806802988052,-0.027158120647072792,-0.026178432628512383,-0.025198744609951973,-0.024219056591391563,-0.023239368572831154,-0.022259682416915894,-0.021279994398355484,-0.020300306379795074,-0.019320618361234665,-0.018340930342674255,-0.017361242324113846,-0.016381554305553436,-0.015401866286993027,-0.014422178268432617,-0.013442490249872208,-0.012462804093956947,-0.011483116075396538,-0.010503428056836128,-0.009523740038275719,-0.00854405201971531,-0.0075643640011549,-0.00658467598259449,-0.00560498982667923,-0.00462530180811882,-0.0036456137895584106,-0.002665925770998001,-0.00168624147772789,-0.0007065534591674805,0.0002731345593929291,0.0012528225779533386,0.002232510596513748,0.0032121967524290085,0.004191884770989418,0.005171572789549828,0.006151260808110237,0.007130948826670647,0.008110636845231056,0.009090324863791466,0.010070011019706726,0.011049699038267136,0.012029387056827545,0.013009075075387955,0.013988763093948364,0.014968451112508774,0.015948139131069183,0.016927827149629593,0.017907515168190002,0.018887203186750412,0.019866889342665672,0.020846577361226082,0.02182626537978649,0.0228059533983469,0.02378564141690731,0.02476532757282257,0.02574501559138298,0.02672470360994339,0.0277043916285038,0.02868407964706421,0.02966376766562462],"_type":"histogram","values":[1,0,0,0,0,1,0,1,0,1,0,1,1,1,1,0,1,3,0,0,1,1,3,4,4,5,7,11,9,10,8,15,9,21,10,11,8,6,3,5,2,6,3,2,1,6,0,4,0,2,0,1,0,0,0,0,0,1,0,0,0,0,0,1]},"confusion_matrix":{"width":600,"height":500,"_type":"image-file","sha256":"45ea3f4d7899796bba574b05e6fea0136ce91fe672a8e043735cecf0ea3b1039","size":18688,"path":"media/images/confusion_matrix_23_45ea3f4d7899796bba57.png","format":"png"},"gradients/net.6.weight":{"_type":"histogram","values":[1,0,0,0,0,0,0,0,0,1,1,1,0,1,2,2,1,0,1,1,1,2,2,1,2,3,2,1,4,7,3,2,5,3,6,7,28,23,15,11,8,12,2,5,0,2,0,4,3,4,2,0,3,3,0,0,1,1,1,0,0,0,0,1],"bins":[-0.0705408826470375,-0.06860202550888062,-0.06666316092014313,-0.06472430378198624,-0.06278544664382935,-0.060846585780382156,-0.05890772491693497,-0.056968867778778076,-0.05503000691533089,-0.0530911460518837,-0.05115228891372681,-0.04921342805027962,-0.04727456718683243,-0.04533571004867554,-0.04339684918522835,-0.04145798832178116,-0.03951913118362427,-0.03758027032017708,-0.03564141318202019,-0.033702552318573,-0.03176369518041611,-0.029824834316968918,-0.02788597345352173,-0.025947116315364838,-0.02400825545191765,-0.02206939458847046,-0.020130537450313568,-0.01819167658686638,-0.01625281572341919,-0.014313958585262299,-0.01237509772181511,-0.010436240583658218,-0.008497383445501328,-0.006558522582054138,-0.004619665443897247,-0.002680804580450058,-0.0007419474422931671,0.0011969134211540222,0.0031357742846012115,0.005074631422758102,0.007013492286205292,0.008952353149652481,0.010891210287809372,0.012830071151256561,0.01476893201470375,0.01670778915286064,0.01864665001630783,0.02058550715446472,0.02252436801791191,0.02446322701871395,0.02640208601951599,0.02834094688296318,0.03027980588376522,0.03221866488456726,0.03415752574801445,0.03609638661146164,0.03803524374961853,0.03997410088777542,0.04191296175122261,0.0438518226146698,0.04579067975282669,0.04772954061627388,0.04966840147972107,0.05160725861787796,0.05354611948132515]},"train_size":8000,"_runtime":26,"parameters/net.3.bias":{"bins":[-0.1308944821357727,-0.12297502905130386,-0.11505558341741562,-0.10713613033294678,-0.09921668469905853,-0.09129723161458969,-0.08337777853012085,-0.0754583328962326,-0.06753887981176376,-0.05961942672729492,-0.05169998109340668,-0.043780528008937836,-0.035861074924468994,-0.02794162929058075,-0.020022176206111908,-0.012102730572223663,-0.004183277487754822,0.003736168146133423,0.011655628681182861,0.019575074315071106,0.02749451994895935,0.03541398048400879,0.043333426117897034,0.05125287175178528,0.05917233228683472,0.06709177792072296,0.0750112235546112,0.08293066918849945,0.09085012972354889,0.09876957535743713,0.10668902099132538,0.11460848152637482,0.12252792716026306,0.1304473727941513,0.13836683332920074,0.146286278963089,0.15420572459697723,0.16212518513202667,0.17004463076591492,0.17796407639980316,0.1858835220336914,0.19380298256874084,0.2017224282026291,0.20964187383651733,0.21756133437156677,0.22548078000545502,0.23340022563934326,0.2413196861743927,0.24923913180828094,0.2571585774421692,0.26507803797721863,0.27299749851226807,0.2809169292449951,0.28883638978004456,0.296755850315094,0.30467528104782104,0.3125947415828705,0.32051417231559753,0.328433632850647,0.3363530933856964,0.34427252411842346,0.3521919846534729,0.36011144518852234,0.3680308759212494,0.37595033645629883],"_type":"histogram","values":[1,0,1,0,1,2,0,0,0,0,0,2,0,2,1,1,0,0,1,1,0,0,1,1,0,0,0,0,0,0,0,1,2,0,0,0,2,2,0,1,0,1,0,0,1,2,0,0,0,0,0,1,1,0,0,0,0,1,0,0,0,1,0,1]},"epoch":22,"val_loss":0.1273344190120697,"test_size":2000,"_timestamp":1.7778396928169549e+09,"val_acc":0.8905,"train_loss":0.1347077789902687,"parameters/net.6.bias":{"_type":"histogram","values":[1,0,0,0,0,0,0,0,0,0,0,0,0,0,0,0,0,0,1,1,0,0,0,1,0,0,0,0,0,0,0,0,0,0,0,0,0,0,0,0,1,0,0,0,0,0,0,0,0,0,0,0,0,0,0,0,0,0,0,0,0,0,0,1],