{"gradients/net.0.bias":{"_type":"histogram","values":[1,0,0,0,0,0,0,0,0,0,0,2,0,1,0,4,1,5,5,8,4,11,4,1,3,3,2,3,1,2,0,1,0,1,0,0,0,0,0,0,0,0,0,0,0,0,0,0,0,0,0,0,0,0,0,0,0,0,0,0,0,0,0,1],"bins":[-0.07743500173091888,-0.07389906048774719,-0.0703631266951561,-0.0668271854519844,-0.06329125165939331,-0.05975531041622162,-0.056219376623630524,-0.05268343538045883,-0.04914750158786774,-0.045611560344696045,-0.04207562282681465,-0.03853968530893326,-0.035003747791051865,-0.03146781027317047,-0.027931872755289078,-0.024395935237407684,-0.02085999771952629,-0.017324060201644897,-0.013788118958473206,-0.01025218516588211,-0.006716243922710419,-0.0031803101301193237,0.00035563111305236816,0.003891564905643463,0.007427506148815155,0.01096343994140625,0.014499381184577942,0.018035314977169037,0.02157125622034073,0.025107190012931824,0.028643131256103516,0.03217906504869461,0.0357150062918663,0.039250947535037994,0.04278688132762909,0.04632282257080078,0.049858756363391876,0.05339469760656357,0.05693063139915466,0.060466572642326355,0.06400250643491745,0.06753844767808914,0.07107438147068024,0.07461032271385193,0.07814625650644302,0.08168219774961472,0.08521813154220581,0.0887540727853775,0.0922900140285492,0.09582594782114029,0.09936188161373138,0.10289782285690308,0.10643376410007477,0.10996969789266586,0.11350563168525696,0.11704157292842865,0.12057751417160034,0.12411344796419144,0.12764938175678253,0.13118532299995422,0.13472126424312592,0.1382572054862976,0.1417931318283081,0.1453290730714798,0.1488650143146515]},"gradients/net.3.weight":{"values":[1,0,0,1,0,1,3,0,5,5,2,2,1,4,0,2,6,7,12,11,14,14,14,18,18,26,38,47,44,35,54,67,80,130,131,190,520,146,82,54,43,50,37,22,26,12,11,18,13,8,4,3,6,1,2,0,3,1,1,1,0,0,0,1],"bins":[-0.03405057266354561,-0.033113885670900345,-0.03217719867825508,-0.031240511685609818,-0.030303824692964554,-0.02936713770031929,-0.028430450707674026,-0.027493763715028763,-0.0265570767223835,-0.025620389729738235,-0.024683702737092972,-0.023747015744447708,-0.022810326889157295,-0.02187363989651203,-0.020936952903866768,-0.020000265911221504,-0.01906357891857624,-0.018126891925930977,-0.017190204933285713,-0.01625351794064045,-0.015316830947995186,-0.014380143955349922,-0.013443456962704659,-0.012506769970059395,-0.011570081114768982,-0.010633394122123718,-0.009696707129478455,-0.008760020136833191,-0.007823333144187927,-0.006886646151542664,-0.0059499591588974,-0.005013272166252136,-0.004076587036252022,-0.003139900043606758,-0.0022032130509614944,-0.0012665260583162308,-0.0003298390656709671,0.0006068479269742966,0.0015435349196195602,0.002480221912264824,0.0034169089049100876,0.0043535977602005005,0.005290284752845764,0.006226971745491028,0.0071636587381362915,0.008100345730781555,0.009037032723426819,0.009973719716072083,0.010910406708717346,0.01184709370136261,0.012783780694007874,0.013720467686653137,0.014657154679298401,0.01559384260326624,0.016530528664588928,0.017467215657234192,0.018403902649879456,0.01934058964252472,0.020277276635169983,0.021213965490460396,0.02215065248310566,0.023087339475750923,0.024024026468396187,0.02496071346104145,0.025897400453686714],"_type":"histogram"},"test_size":2000,"gradients/net.6.bias":{"values":[1,0,0,0,0,0,0,0,0,0,0,0,1,0,0,0,0,1,0,0,0,0,0,0,0,0,0,0,0,0,0,0,0,0,0,0,0,1,0,1,0,0,0,0,0,0,0,0,0,0,0,0,0,0,0,0,0,0,0,0,0,0,0,1],"bins":[-0.04242963716387749,-0.040939249098300934,-0.03944886475801468,-0.037958476692438126,-0.03646808862686157,-0.03497770428657532,-0.033487316220998764,-0.03199692815542221,-0.030506543815135956,-0.02901615761220455,-0.027525771409273148,-0.026035383343696594,-0.02454499714076519,-0.023054610937833786,-0.021564222872257233,-0.02007383666932583,-0.018583450466394424,-0.01709306426346302,-0.015602678060531616,-0.014112289994955063,-0.012621903792023659,-0.011131517589092255,-0.009641129523515701,-0.008150745183229446,-0.006660357117652893,-0.00516996905207634,-0.003679584711790085,-0.0021891966462135315,-0.0006988085806369781,0.0007915757596492767,0.00228196382522583,0.003772348165512085,0.00526273250579834,0.006753120571374893,0.008243504911661148,0.009733892977237701,0.011224277317523956,0.01271466538310051,0.014205053448677063,0.015695437788963318,0.01718582585453987,0.018676213920116425,0.02016659826040268,0.021656986325979233,0.023147372528910637,0.02463775873184204,0.026128146797418594,0.02761853300035,0.029108919203281403,0.030599305406212807,0.03208969160914421,0.033580079674720764,0.03507046401500702,0.03656085208058357,0.038051240146160126,0.03954162448644638,0.041032012552022934,0.04252240061759949,0.04401278495788574,0.045503173023462296,0.04699356108903885,0.048483945429325104,0.04997433349490166,0.05146471783518791,0.052955105900764465],"_type":"histogram"},"_wandb":{"runtime":56},"val_loss":0.2335833158493042,"columns":["Air temperature [K]","Process temperature [K]","Rotational speed [rpm]","Torque [Nm]","Tool wear [min]","Failure Type"],"parameters/net.3.bias":{"_type":"histogram","values":[1,0,0,0,0,0,0,0,0,0,0,0,0,1,0,1,2,0,0,2,1,0,1,1,1,2,0,1,1,1,0,0,0,0,1,0,0,0,0,2,2,1,0,1,1,0,0,0,2,1,0,0,1,0,1,0,1,0,0,0,0,0,1,1],"bins":[-0.2635365426540375,-0.25196373462677,-0.24039092659950256,-0.2288181185722351,-0.21724531054496765,-0.2056725025177002,-0.19409967958927155,-0.1825268715620041,-0.17095406353473663,-0.15938125550746918,-0.14780844748020172,-0.13623563945293427,-0.12466281652450562,-0.11309000849723816,-0.1015172004699707,-0.08994439244270325,-0.07837158441543579,-0.06679877638816833,-0.05522596836090088,-0.04365316033363342,-0.03208035230636597,-0.020507529377937317,-0.008934736251831055,0.0026380717754364014,0.014210909605026245,0.0257837176322937,0.03735652565956116,0.04892933368682861,0.06050214171409607,0.07207494974136353,0.08364775776863098,0.09522056579589844,0.1067933738231659,0.11836618185043335,0.1299389898777008,0.14151179790496826,0.15308460593223572,0.16465741395950317,0.17623022198677063,0.18780303001403809,0.19937583804130554,0.21094867587089539,0.22252148389816284,0.2340942770242691,0.24566709995269775,0.2572399079799652,0.26881271600723267,0.2803855240345001,0.2919583320617676,0.30353114008903503,0.3151039481163025,0.32667675614356995,0.3382495641708374,0.34982240200042725,0.3613951802253723,0.37296801805496216,0.3845407962799072,0.39611363410949707,0.40768641233444214,0.419259250164032,0.43083205819129944,0.4424048662185669,0.45397767424583435,0.4655504822731018,0.47712329030036926]},"distribution_comparison":{"_type":"table-file","_latest_artifact_path":"wandb-client-artifact://2w3h6zh1scf423tiextzpzanu4qqkqf5txepk0utsnbkwh7wlff60qgf3ot9bdynakgjuzv6baq9ousiv09vfpib3w8qbm1uir277h6vnbct5wtdrgdne2mei0o61q76:latest/distribution_comparison.table.json","log_mode":"IMMUTABLE","sha256":"68fd0f1e3e63bb88e70ed326ec8b750e54b22895b6291e02d13d7eca6fdda444","artifact_path":"wandb-client-artifact://tij8ii9drpbo21eomftz2y29ys9fzyqn7a536wmdwx2mg4u7d3m1g1isso6wv8zopd5t3ms82m8q3ezjeh5ho2o4mf07c70gemdcqcpa7yq0844q6r05ggipkiyonp4q/distribution_comparison.table.json","nrows":3,"ncols":4,"path":"media/table/distribution_comparison_0_68fd0f1e3e63bb88e70e.table.json","size":236},"val_prec":0.335463183920842,"val_rec":0.6506342570785576,"_step":23,"val_acc":0.9005,"_timestamp":1.777941754589475e+09,"parameters/net.6.weight":{"values":[2,0,0,1,1,0,0,0,1,1,1,2,0,3,0,4,0,1,1,0,1,4,2,2,1,2,2,3,6,4,2,2,0,5,1,2,5,4,1,4,4,3,3,4,7,4,7,5,5,6,11,9,11,10,9,4,6,2,5,2,1,0,1,2],