{"val_f1":0.339155250565973,"train_size":8000,"parameters/net.6.bias":{"bins":[-0.6401689648628235,-0.6228219866752625,-0.6054749488830566,-0.5881279706954956,-0.5707809925079346,-0.5534340143203735,-0.5360870361328125,-0.5187399983406067,-0.5013930201530457,-0.4840460419654846,-0.4666990339756012,-0.4493520259857178,-0.43200504779815674,-0.4146580696105957,-0.3973110616207123,-0.37996405363082886,-0.3626170754432678,-0.3452700972557068,-0.32792308926582336,-0.31057608127593994,-0.2932291030883789,-0.27588212490081787,-0.25853511691093445,-0.24118810892105103,-0.22384113073349,-0.20649415254592896,-0.18914714455604553,-0.1718001365661621,-0.15445315837860107,-0.13710618019104004,-0.11975914239883423,-0.1024121642112732,-0.08506515622138977,-0.06771817803382874,-0.0503711998462677,-0.03302416205406189,-0.015677183866500854,0.0016697943210601807,0.019016802310943604,0.036363810300827026,0.05371078848838806,0.0710577666759491,0.08840477466583252,0.10575178265571594,0.12309876084327698,0.140445739030838,0.15779274702072144,0.17513975501060486,0.1924867331981659,0.20983371138572693,0.22718071937561035,0.24452771246433258,0.2618747055530548,0.27922171354293823,0.29656869173049927,0.3139156699180603,0.3312626779079437,0.34860968589782715,0.3659566640853882,0.3833036422729492,0.40065065026283264,0.41799765825271606,0.4353446364402771,0.45269161462783813,0.47003862261772156],"_type":"histogram","values":[1,0,0,0,0,0,0,0,0,0,0,0,0,0,0,0,0,0,0,0,0,1,0,0,1,1,0,0,0,0,0,0,0,0,0,0,0,0,0,0,0,0,0,0,0,0,0,1,0,0,0,0,0,0,0,0,0,0,0,0,0,0,0,1]},"parameters/net.0.weight":{"bins":[-0.7095797061920166,-0.6847307682037354,-0.6598818898200989,-0.6350329518318176,-0.6101840138435364,-0.5853351354598999,-0.5604861974716187,-0.5356372594833374,-0.5107883214950562,-0.4859394431114197,-0.4610905051231384,-0.43624159693717957,-0.4113926887512207,-0.38654375076293945,-0.3616948425769806,-0.33684590458869934,-0.3119969964027405,-0.2871480882167816,-0.26229915022850037,-0.2374502420425415,-0.21260130405426025,-0.18775242567062378,-0.16290348768234253,-0.13805454969406128,-0.1132056713104248,-0.08835673332214355,-0.0635077953338623,-0.038658857345581055,-0.01380997896194458,0.01103895902633667,0.03588789701461792,0.060736775398254395,0.08558565378189087,0.11043459177017212,0.1352834701538086,0.16013240814208984,0.1849813461303711,0.20983022451400757,0.23467916250228882,0.25952810049057007,0.2843770384788513,0.3092259168624878,0.33407485485076904,0.3589237928390503,0.38377267122268677,0.408621609210968,0.4334705173969269,0.45831945538520813,0.483168363571167,0.5080173015594482,0.5328662395477295,0.557715117931366,0.5825640559196472,0.6074129343032837,0.6322618722915649,0.6571108102798462,0.6819597482681274,0.7068086266517639,0.7316575646400452,0.7565064430236816,0.7813553810119629,0.8062043190002441,0.8310532569885254,0.8559021353721619,0.8807510733604431],"_type":"histogram","values":[2,0,0,5,6,3,4,4,2,1,2,2,1,8,3,4,5,3,1,4,6,9,6,3,6,3,2,4,8,8,3,4,5,1,5,3,3,6,5,3,3,1,2,2,2,4,1,4,4,3,3,1,3,1,0,0,3,0,0,0,0,0,1,1]},"epoch":39,"train_loss":0.050160219048149886,"columns":["Air temperature [K]","Process temperature [K]","Rotational speed [rpm]","Torque [Nm]","Tool wear [min]","Failure Type"],"rows":10000,"val_loss":0.04749488021619618,"val_prec":0.3887808629972431,"gradients/net.0.bias":{"bins":[-0.12854544818401337,-0.12535037100315094,-0.12215530127286911,-0.11896022409200668,-0.11576515436172485,-0.11257007718086243,-0.109375,-0.10617992281913757,-0.10298485308885574,-0.09978978335857391,-0.09659470617771149,-0.09339962899684906,-0.09020455181598663,-0.0870094820857048,-0.08381440490484238,-0.08061933517456055,-0.07742425799369812,-0.0742291808128357,-0.07103411108255386,-0.06783903390169144,-0.0646439641714096,-0.06144888699054718,-0.05825380980968475,-0.055058740079402924,-0.0518636628985405,-0.04866858571767807,-0.04547351598739624,-0.042278438806533813,-0.03908336162567139,-0.03588829189538956,-0.03269321471452713,-0.0294981449842453,-0.026303060352802277,-0.02310798317193985,-0.01991291344165802,-0.016717836260795593,-0.013522766530513763,-0.010327689349651337,-0.00713261216878891,-0.00393754243850708,-0.0007424652576446533,0.0024526119232177734,0.005647681653499603,0.00884275883436203,0.012037836015224457,0.015232905745506287,0.018427982926368713,0.02162305638194084,0.02481812983751297,0.0280132032930851,0.031208276748657227,0.03440335392951965,0.03759842738509178,0.04079350084066391,0.04398857802152634,0.047183651477098465,0.05037872493267059,0.05357379838824272,0.05676887184381485,0.05996394902467728,0.0631590187549591,0.06635409593582153,0.06954917311668396,0.07274424284696579,0.07593932002782822],"_type":"histogram","values":[1,0,0,0,0,1,0,0,0,0,0,0,0,0,0,0,0,0,1,0,0,0,0,1,0,0,0,0,0,1,1,0,1,2,0,0,1,2,1,8,22,3,3,3,1,0,1,3,1,0,1,0,2,0,1,0,0,1,0,0,0,0,0,1]},"confusion_matrix":{"path":"media/images/confusion_matrix_40_b08ba8f81de7b4419fae.png","format":"png","width":600,"height":500,"_type":"image-file","sha256":"b08ba8f81de7b4419faead905439d8d37d26b5c89c7a04d97e81db2d4b540bfe","size":16851},"parameters/net.3.weight":{"bins":[-0.694568932056427,-0.6695346832275391,-0.6445004343986511,-0.6194661855697632,-0.59443199634552,-0.5693977475166321,-0.5443634986877441,-0.5193292498588562,-0.49429503083229065,-0.4692608118057251,-0.44422656297683716,-0.4191923141479492,-0.3941580653190613,-0.3691238462924957,-0.3440895974636078,-0.31905537843704224,-0.2940211296081543,-0.26898688077926636,-0.2439526617527008,-0.21891841292381287,-0.19388419389724731,-0.16884994506835938,-0.14381569623947144,-0.1187814474105835,-0.09374719858169556,-0.06871300935745239,-0.04367876052856445,-0.018644511699676514,0.006389737129211426,0.031423985958099365,0.05645817518234253,0.08149242401123047,0.10652661323547363,0.13156086206436157,0.1565951108932495,0.18162930011749268,0.20666354894638062,0.23169779777526855,0.2567320466041565,0.28176629543304443,0.3068004846572876,0.33183473348617554,0.3568689823150635,0.3819032311439514,0.40693747997283936,0.4319716989994049,0.45700594782829285,0.4820401668548584,0.5070744156837463,0.5321086645126343,0.5571428537368774,0.5821771621704102,0.6072113513946533,0.6322456002235413,0.6572798490524292,0.6823140978813171,0.7073483467102051,0.7323825359344482,0.7574167847633362,0.7824510335922241,0.8074852824211121,0.83251953125,0.8575537204742432,0.8825879693031311,0.907622218132019],"_type":"histogram","values":[3,1,0,2,1,4,4,8,8,5,9,15,17,18,22,19,31,32,35,50,43,55,96,116,119,130,136,145,148,139,133,90,72,47,42,42,40,23,24,19,21,21,10,14,8,6,3,6,3,0,0,2,1,1,1,2,2,2,0,1,0,0,0,1]},"gradients/net.6.weight":{"bins":[-0.1686844676733017,-0.16345392167568207,-0.15822336077690125,-0.15299281477928162,-0.1477622538805008,-0.14253170788288116,-0.13730114698410034,-0.1320706009864807,-0.12684005498886108,-0.12160949409008026,-0.11637894064188004,-0.11114838719367981,-0.10591784119606018,-0.10068728774785995,-0.09545673429965973,-0.0902261808514595,-0.08499562740325928,-0.07976507395505905,-0.07453452050685883,-0.0693039670586586,-0.06407341361045837,-0.058842867612838745,-0.05361231416463852,-0.04838176071643829,-0.043151214718818665,-0.03792065382003784,-0.03269010782241821,-0.02745954692363739,-0.02222900092601776,-0.01699844002723694,-0.01176789402961731,-0.006537333130836487,-0.001306787133216858,0.003923758864402771,0.009154319763183594,0.014384865760803223,0.019615426659584045,0.024845972657203674,0.030076533555984497,0.035307079553604126,0.04053764045238495,0.04576818645000458,0.0509987398982048,0.05622929334640503,0.06145983934402466,0.06669039279222488,0.07192094624042511,0.07715149968862534,0.08238205313682556,0.08761260658502579,0.09284316003322601,0.09807371348142624,0.10330426692962646,0.1085348129272461,0.11376536637544632,0.11899591982364655,0.12422647327184677,0.129457026720047,0.13468757271766663,0.13991813361644745,0.14514867961406708,0.1503792405128479,0.15560978651046753,0.16084034740924835,0.16607089340686798],"_type":"histogram",