{"_timestamp":1.7776538386776192e+09,"gradients/net.3.weight":{"_type":"histogram","values":[1,0,0,1,0,0,0,1,2,0,0,1,0,1,4,2,2,2,2,2,2,5,6,3,7,8,11,6,11,10,12,23,11,17,21,37,36,44,97,234,776,155,98,71,66,42,38,29,27,14,16,23,6,18,5,6,9,6,6,2,3,5,2,3],"bins":[-0.1202593520283699,-0.11728982627391815,-0.1143203005194664,-0.11135078221559525,-0.1083812564611435,-0.10541173070669174,-0.10244220495223999,-0.09947268664836884,-0.09650316089391708,-0.09353363513946533,-0.09056410938501358,-0.08759458363056183,-0.08462506532669067,-0.08165553957223892,-0.07868601381778717,-0.07571649551391602,-0.07274696230888367,-0.06977744400501251,-0.06680791825056076,-0.06383839249610901,-0.060868870466947556,-0.057899344712495804,-0.05492982268333435,-0.0519602969288826,-0.04899077117443085,-0.046021245419979095,-0.04305172711610794,-0.04008220136165619,-0.03711267560720444,-0.034143149852752686,-0.03117363154888153,-0.02820410579442978,-0.025234580039978027,-0.022265054285526276,-0.019295528531074524,-0.01632601022720337,-0.013356484472751617,-0.010386958718299866,-0.007417432963848114,-0.004447914659976959,-0.0014783889055252075,0.0014911368489265442,0.004460662603378296,0.007430184632539749,0.0103997103869915,0.013369232416152954,0.016338758170604706,0.01930828019976616,0.02227780595421791,0.025247331708669662,0.028216853737831116,0.031186379492282867,0.03415590152144432,0.03712542727589607,0.040094949305057526,0.04306447505950928,0.04603400081396103,0.04900352284312248,0.051973044872283936,0.05494257062673569,0.05791209638118744,0.06088161841034889,0.06385114043951035,0.0668206661939621,0.06979019194841385]},"gradients/net.0.bias":{"values":[1,0,0,1,0,0,1,3,0,1,1,0,0,0,3,0,0,4,4,2,1,3,2,8,3,2,1,2,1,3,3,0,1,0,1,1,2,1,1,0,1,1,1,0,0,1,0,0,1,0,0,0,0,0,1,0,0,0,0,0,0,0,0,1],"bins":[-0.053332895040512085,-0.05103014409542084,-0.04872739687561989,-0.04642464593052864,-0.04412189871072769,-0.041819147765636444,-0.0395163968205452,-0.03721364960074425,-0.0349109023809433,-0.03260815143585205,-0.030305402353405952,-0.028002653270959854,-0.025699902325868607,-0.023397153243422508,-0.02109440416097641,-0.01879165694117546,-0.016488905996084213,-0.014186155050992966,-0.011883407831192017,-0.009580656886100769,-0.00727790966629982,-0.004975158721208572,-0.0026724115014076233,-0.00036966055631637573,0.0019330903887748718,0.004235837608575821,0.0065385885536670685,0.008841335773468018,0.011144086718559265,0.013446837663650513,0.015749581158161163,0.01805233210325241,0.02035508304834366,0.022657833993434906,0.024960584938526154,0.027263328433036804,0.029566079378128052,0.0318688303232193,0.03417157754302025,0.036474328488111496,0.038777075707912445,0.04107982665300369,0.04338257759809494,0.04568532481789589,0.04798807576298714,0.050290822982788086,0.052593573927879333,0.05489632114768028,0.05719907209277153,0.05950182303786278,0.06180457025766373,0.06410732120275497,0.06641006469726562,0.06871281564235687,0.07101556658744812,0.07331831753253937,0.07562106847763062,0.07792381942272186,0.08022656291723251,0.08252931386232376,0.08483206480741501,0.08713481575250626,0.0894375592470169,0.09174031019210815,0.0940430611371994],"_type":"histogram"},"distribution_comparison":{"path":"media/table/distribution_comparison_0_68fd0f1e3e63bb88e70e.table.json","artifact_path":"wandb-client-artifact://pmlkm7knl8qwa96s6jwvqal8kqpnnmkjr5bj5xvnn3aiio37y8jdmh2ai7wo3u23v01lg3bnujzxuuefns24fldd42bwfft26wkvq8ztpohgr776ftq2f5qq3p601yga/distribution_comparison.table.json","nrows":3,"sha256":"68fd0f1e3e63bb88e70ed326ec8b750e54b22895b6291e02d13d7eca6fdda444","ncols":4,"log_mode":"IMMUTABLE","size":236,"_latest_artifact_path":"wandb-client-artifact://2hqj4mimjqxm69kijesqd9tujna90603vo51c7hzl6h3co5hm6p7jdux9xg82vbnpo5npyc2u0uvyvcy2x7arhhuxjkvlo4e0a9rssom6lidv6e0gx1s9g6zxwv93mdp:latest/distribution_comparison.table.json","_type":"table-file"},"parameters/net.0.bias":{"_type":"histogram","values":[1,1,0,1,3,1,0,1,2,3,4,1,2,2,2,3,1,1,0,1,2,1,1,1,1,2,0,0,1,1,0,1,0,1,2,0,0,1,2,2,1,0,1,0,0,1,1,0,1,0,0,0,0,0,1,2,1,2,1,0,0,1,0,2],"bins":[-0.9124683737754822,-0.8834852576255798,-0.8545021414756775,-0.8255190253257751,-0.7965359091758728,-0.7675527930259705,-0.7385696768760681,-0.7095865607261658,-0.6806034445762634,-0.6516203284263611,-0.6226372122764587,-0.5936540961265564,-0.564670979976654,-0.5356878638267517,-0.5067047476768494,-0.477721631526947,-0.4487385153770447,-0.41975539922714233,-0.39077228307724,-0.36178916692733765,-0.3328060507774353,-0.30382293462753296,-0.2748398184776306,-0.24585670232772827,-0.21687358617782593,-0.18789047002792358,-0.15890735387802124,-0.1299242377281189,-0.10094112157821655,-0.07195800542831421,-0.042974889278411865,-0.013991773128509521,0.014991283416748047,0.04397439956665039,0.07295751571655273,0.10194063186645508,0.13092374801635742,0.15990686416625977,0.1888899803161621,0.21787309646606445,0.2468562126159668,0.27583932876586914,0.3048224449157715,0.33380556106567383,0.36278867721557617,0.3917717933654785,0.42075490951538086,0.4497380256652832,0.47872114181518555,0.5077042579650879,0.5366873741149902,0.5656704902648926,0.5946536064147949,0.6236367225646973,0.6526198387145996,0.681602954864502,0.7105860710144043,0.7395691871643066,0.768552303314209,0.7975354194641113,0.8265185356140137,0.855501651763916,0.8844847679138184,0.9134678840637207,0.942451000213623]},"confusion_matrix":{"size":17257,"path":"media/images/confusion_matrix_38_c21af41b8d2026900303.png","format":"png","width":600,"height":500,"_type":"image-file","sha256":"c21af41b8d20269003039a912987720fe511fc4cb488bfd544bb04c0b2be280c"},"_step":38,"val_rec":0.721706377243942,"columns":["Air temperature [K]","Process temperature [K]","Rotational speed [rpm]","Torque [Nm]","Tool wear [min]","Failure Type"],"rows":10000,"test_size":2000,"epoch":37,"parameters/net.6.bias":{"bins":[-0.3638354241847992,-0.3522168695926666,-0.34059828519821167,-0.3289797306060791,-0.31736114621162415,-0.3057425916194916,-0.2941240072250366,-0.28250545263290405,-0.2708868980407715,-0.25926831364631653,-0.24764974415302277,-0.236031174659729,-0.22441262006759644,-0.21279405057430267,-0.2011754810810089,-0.18955691158771515,-0.1779383420944214,-0.16631977260112762,-0.15470120310783386,-0.1430826336145401,-0.13146406412124634,-0.11984550952911377,-0.10822692513465881,-0.09660837054252625,-0.08498981595039368,-0.07337123155593872,-0.06175267696380615,-0.050134092569351196,-0.03851553797721863,-0.026896953582763672,-0.015278398990631104,-0.0036598145961761475,0.007958710193634033,0.0195772647857666,0.031195849180221558,0.042814403772354126,0.05443298816680908,0.06605154275894165,0.0776701271533966,0.08928868174552917,0.10090726613998413,0.1125258207321167,0.12414437532424927,0.13576295971870422,0.1473815143108368,0.15900008380413055,0.17061865329742432,0.18223722279071808,0.19385579228401184,0.2054743617773056,0.21709293127059937,0.22871150076389313,0.2403300702571869,0.25194862484931946,0.2635672092437744,0.275185763835907,0.28680431842803955,0.2984229028224945,0.31004148721694946,0.32166004180908203,0.3332785964012146,0.34489718079566956,0.3565157353878021,0.3681343197822571,0.37975287437438965],"_type":"histogram","values":[1,0,0,0,0,0,0,0,0,0,0,0,0,0,0,0,0,0,0,0,0,0,0,0,0,1,0,0,1,0,0,0,1,0,0,0,0,0,0,0,0,0,0,0,0,0,0,0,0,0,0,1,0,0,0,0,0,0,0,0,0,0,0,1]},"val_loss":0.7874525051116943,"gradients/net.0.weight":{"values":[1,0,0,1,1,0,0,0,1,1,0,0,0,2,1,1,1,2,2,4,4,5,4,9,5,11,11,9,7,11,10,11,11,11,4,12,6,5,8,4,4,3,2,0,3,1,0,0,0,0,0,0,1,0,1,0,0,0,0,0,0,0,0,1],