{"test_size":2000,"parameters/net.6.weight":{"values":[1,1,0,0,0,0,2,0,0,0,0,1,0,0,0,1,0,0,1,3,1,1,1,3,1,2,1,0,1,1,0,3,0,3,1,2,2,3,3,3,4,1,1,2,2,2,1,3,5,2,3,6,12,4,10,11,16,16,13,16,8,5,2,5],"bins":[-1.8301467895507812,-1.79661226272583,-1.7630778551101685,-1.7295433282852173,-1.6960089206695557,-1.6624743938446045,-1.6289399862289429,-1.5954054594039917,-1.56187105178833,-1.528336524963379,-1.4948021173477173,-1.4612675905227661,-1.4277331829071045,-1.3941986560821533,-1.3606641292572021,-1.3271297216415405,-1.293595314025879,-1.2600607872009277,-1.2265262603759766,-1.192991852760315,-1.1594574451446533,-1.1259229183197021,-1.092388391494751,-1.0588539838790894,-1.0253194570541382,-0.9917849898338318,-0.9582505226135254,-0.924716055393219,-0.8911815881729126,-0.8576471209526062,-0.8241126537322998,-0.7905782461166382,-0.7570437788963318,-0.7235092520713806,-0.689974844455719,-0.6564403772354126,-0.6229059100151062,-0.5893714427947998,-0.5558369755744934,-0.522302508354187,-0.4887680411338806,-0.45523351430892944,-0.42169904708862305,-0.38816457986831665,-0.35463011264801025,-0.32109564542770386,-0.28756117820739746,-0.25402671098709106,-0.22049224376678467,-0.18695777654647827,-0.15342330932617188,-0.11988884210586548,-0.08635437488555908,-0.0528198778629303,-0.0192854106426239,0.014249056577682495,0.04778352379798889,0.08131799101829529,0.11485245823860168,0.14838694036006927,0.18192140758037567,0.21545587480068207,0.24899035692214966,0.28252482414245605,0.31605929136276245],"_type":"histogram"},"gradients/net.3.bias":{"values":[2,1,0,0,0,0,0,0,0,0,0,0,0,0,1,0,0,0,0,0,0,0,2,2,1,1,2,2,1,2,1,4,1,1,0,0,2,1,0,0,0,2,0,0,1,1,0,0,0,0,0,0,0,0,0,0,0,0,0,0,0,0,0,1],"bins":[-0.021311139687895775,-0.020655138418078423,-0.01999913714826107,-0.019343137741088867,-0.018687136471271515,-0.018031135201454163,-0.01737513393163681,-0.016719132661819458,-0.016063131392002106,-0.015407131984829903,-0.01475113071501255,-0.014095129445195198,-0.013439128175377846,-0.012783127836883068,-0.012127126567065716,-0.011471126228570938,-0.010815124958753586,-0.010159123688936234,-0.009503123350441456,-0.008847122080624104,-0.008191121742129326,-0.007535120472311974,-0.006879119202494621,-0.006223118863999844,-0.005567116662859917,-0.004911117255687714,-0.004255115985870361,-0.003599114716053009,-0.0029431134462356567,-0.0022871121764183044,-0.0016311127692461014,-0.0009751114994287491,-0.000319112092256546,0.0003368891775608063,0.0009928904473781586,0.0016488898545503616,0.002304891124367714,0.0029608923941850662,0.0036168936640024185,0.004272894933819771,0.004928894340991974,0.005584896542131901,0.0062408968806266785,0.006896898150444031,0.007552899420261383,0.00820889975875616,0.008864901028573513,0.00952090136706829,0.010176902636885643,0.010832903906702995,0.011488904245197773,0.012144905515015125,0.012800905853509903,0.013456907123327255,0.014112908393144608,0.01476890966296196,0.015424910001456738,0.016080910339951515,0.016736911609768867,0.01739291287958622,0.018048914149403572,0.018704913556575775,0.019360914826393127,0.02001691609621048,0.020672917366027832],"_type":"histogram"},"parameters/net.0.weight":{"bins":[-0.6823606491088867,-0.6611888408660889,-0.6400169730186462,-0.6188451647758484,-0.5976732969284058,-0.5765014886856079,-0.5553296804428101,-0.5341578125953674,-0.5129859447479248,-0.49181413650512695,-0.4706422984600067,-0.4494704604148865,-0.4282986521720886,-0.4071268141269684,-0.38595497608184814,-0.3647831380367279,-0.34361129999160767,-0.3224394619464874,-0.3012676239013672,-0.28009578585624695,-0.2589239478111267,-0.23775213956832886,-0.21658030152320862,-0.19540846347808838,-0.17423665523529053,-0.1530647873878479,-0.13189297914505005,-0.11072111129760742,-0.08954930305480957,-0.06837743520736694,-0.04720562696456909,-0.026033759117126465,-0.004861950874328613,0.01630985736846924,0.037481725215911865,0.05865353345870972,0.07982540130615234,0.1009972095489502,0.12216907739639282,0.14334088563919067,0.1645127534866333,0.18568456172943115,0.2068563997745514,0.22802823781967163,0.24920004606246948,0.2703718841075897,0.29154372215270996,0.3127155601978302,0.33388739824295044,0.3550592362880707,0.3762310743331909,0.39740291237831116,0.4185747504234314,0.43974655866622925,0.4609183967113495,0.4820902347564697,0.5032620429992676,0.5244339108467102,0.5456057786941528,0.5667775869369507,0.5879493951797485,0.6091212630271912,0.630293071269989,0.6514649391174316,0.6726367473602295],"_type":"histogram","values":[1,0,1,0,1,3,1,1,1,5,3,5,2,5,4,2,1,5,1,5,4,4,5,2,8,3,4,5,1,5,3,13,8,6,7,9,5,3,2,2,4,1,3,2,1,2,1,1,1,4,3,3,2,0,2,7,2,1,0,3,1,0,1,1]},"_timestamp":1.7776515370031483e+09,"gradients/net.0.bias":{"values":[2,0,1,0,0,0,0,1,1,2,0,0,1,1,0,0,1,1,1,3,3,2,5,6,4,5,2,3,5,1,1,0,0,2,0,0,1,1,0,1,0,0,3,1,0,0,1,0,0,0,0,0,0,0,0,0,0,1,0,0,0,0,0,1],"bins":[-0.025622069835662842,-0.024526244029402733,-0.023430418223142624,-0.022334594279527664,-0.021238768473267555,-0.020142942667007446,-0.019047118723392487,-0.017951292917132378,-0.01685546711087227,-0.01575964130461216,-0.014663816429674625,-0.013567991554737091,-0.012472165748476982,-0.011376339942216873,-0.010280515067279339,-0.009184690192341805,-0.008088864386081696,-0.006993038579821587,-0.005897212773561478,-0.004801388829946518,-0.003705563023686409,-0.0026097372174263,-0.0015139132738113403,-0.0004180874675512314,0.0006777383387088776,0.0017735641449689865,0.0028693899512290955,0.003965213894844055,0.005061039701104164,0.006156865507364273,0.007252689450979233,0.008348517119884491,0.00944434106349945,0.01054016500711441,0.011635992676019669,0.012731816619634628,0.013827642425894737,0.014923468232154846,0.016019292175769806,0.017115117982029915,0.018210943788290024,0.019306769594550133,0.02040259540081024,0.0214984193444252,0.02259424515068531,0.02369007095694542,0.02478589490056038,0.025881720706820488,0.026977546513080597,0.028073372319340706,0.029169198125600815,0.030265022069215775,0.03136084973812103,0.03245667368173599,0.03355249762535095,0.03464832156896591,0.03574414923787117,0.03683997318148613,0.03793580085039139,0.03903162479400635,0.04012744873762131,0.041223276406526566,0.042319100350141525,0.04341492801904678,0.04451075196266174],"_type":"histogram"},"rows":10000,"gradients/net.6.weight":{"_type":"histogram","values":[1,0,0,0,2,0,0,0,0,0,0,0,0,1,0,0,1,0,2,1,2,3,1,1,2,2,3,0,4,2,1,2,2,3,23,64,28,7,9,3,1,4,1,3,2,3,2,1,0,0,1,0,0,0,1,1,1,0,0,0,0,0,0,1],"bins":[-0.08757441490888596,-0.08506560325622559,-0.08255679160356522,-0.08004797250032425,-0.07753916084766388,-0.07503034919500351,-0.07252153754234314,-0.07001272588968277,-0.0675039142370224,-0.06499509513378143,-0.06248628348112106,-0.05997747182846069,-0.057468660175800323,-0.054959844797849655,-0.052451033145189285,-0.04994221776723862,-0.04743340611457825,-0.04492459446191788,-0.04241577908396721,-0.03990696743130684,-0.03739815205335617,-0.0348893404006958,-0.03238052874803543,-0.029871713370084763,-0.027362901717424393,-0.024854086339473724,-0.022345274686813354,-0.019836463034152985,-0.017327651381492615,-0.014818839728832245,-0.012310020625591278,-0.009801208972930908,-0.007292404770851135,-0.004783593118190765,-0.0022747814655303955,0.0002340376377105713,0.002742849290370941,0.005251660943031311,0.007760472595691681,0.01026928424835205,0.012778099626302719,0.015286911278963089,0.017795726656913757,0.020304538309574127,0.022813349962234497,0.025322165340185165,0.027830976992845535,0.030339792370796204,0.032848604023456573,0.03535741567611694,0.03786623105406761,0.04037504270672798,0.04288385808467865,0.04539266973733902,0.04790148138999939,0.05041029304265976,0.05291910842061043,0.055427923798561096,0.057936735451221466,0.060445547103881836,0.0629543587565422,0.06546317040920258,0.06797198951244354,0.07048080116510391,0.07298961281776428]},