{"test_size":2000,"gradients/net.6.bias":{"values":[1,0,0,0,0,0,0,0,0,0,0,0,0,0,0,0,0,0,0,0,0,0,0,0,0,0,0,0,0,0,0,0,0,0,0,0,0,0,0,0,0,0,0,1,0,0,0,0,0,0,1,0,0,0,0,0,0,0,0,0,1,1,0,1],"bins":[-0.08760861307382584,-0.08573415875434875,-0.08385970443487167,-0.08198525011539459,-0.08011079579591751,-0.07823634147644043,-0.07636188715696335,-0.07448743283748627,-0.07261297106742859,-0.0707385241985321,-0.06886406242847443,-0.06698960810899734,-0.06511515378952026,-0.06324069947004318,-0.0613662451505661,-0.05949179083108902,-0.05761733651161194,-0.05574288219213486,-0.053868427872657776,-0.051993973553180695,-0.05011951923370361,-0.048245061188936234,-0.04637060686945915,-0.04449615254998207,-0.04262169823050499,-0.04074724391102791,-0.03887278959155083,-0.036998335272073746,-0.035123877227306366,-0.033249422907829285,-0.0313749685883522,-0.029500514268875122,-0.02762605994939804,-0.02575160562992096,-0.023877151310443878,-0.022002696990966797,-0.020128242671489716,-0.018253784626722336,-0.016379330307245255,-0.014504875987768173,-0.012630421668291092,-0.01075596734881401,-0.00888151302933693,-0.007007058709859848,-0.005132600665092468,-0.003258146345615387,-0.0013836920261383057,0.0004907622933387756,0.002365216612815857,0.004239670932292938,0.0061141252517700195,0.00798858143389225,0.009863035753369331,0.011737490072846413,0.013611946254968643,0.015486400574445724,0.017360854893922806,0.019235309213399887,0.02110976353287697,0.0229842197149992,0.02485867403447628,0.02673312835395336,0.028607584536075592,0.030482038855552673,0.032356493175029755],"_type":"histogram"},"rows":10000,"val_prec":0.3446509797765716,"gradients/net.6.weight":{"values":[1,0,1,0,0,0,0,0,0,0,0,0,1,0,2,0,0,0,0,0,2,1,0,1,1,3,0,1,1,3,1,1,4,2,18,13,6,9,6,4,4,2,2,1,0,0,0,0,1,1,0,1,0,0,0,0,0,0,0,1,0,0,0,1],"bins":[-0.19889654219150543,-0.19313371181488037,-0.1873708814382553,-0.18160805106163025,-0.1758452206850052,-0.17008239030838013,-0.16431954503059387,-0.15855672955513,-0.15279388427734375,-0.14703106880187988,-0.14126822352409363,-0.13550540804862976,-0.1297425627708435,-0.12397973239421844,-0.11821690201759338,-0.11245407164096832,-0.10669124126434326,-0.1009284108877182,-0.09516558051109314,-0.08940275013446808,-0.08363991975784302,-0.07787708193063736,-0.0721142590045929,-0.06635142862796783,-0.06058858335018158,-0.05482575297355652,-0.04906292259693146,-0.043300092220306396,-0.037537261843681335,-0.031774431467056274,-0.026011601090431213,-0.020248770713806152,-0.014485940337181091,-0.00872310996055603,-0.0029602795839309692,0.002802550792694092,0.008565381169319153,0.014328211545944214,0.020091041922569275,0.025853872299194336,0.0316167026758194,0.03737954795360565,0.04314237833023071,0.04890520125627518,0.054668039083480835,0.060430869460105896,0.06619369983673096,0.07195653021335602,0.07771936058998108,0.08348219096660614,0.0892450213432312,0.09500785171985626,0.10077068209648132,0.10653351992368698,0.11229635030031204,0.1180591806769371,0.12382201105356216,0.12958484888076782,0.1353476643562317,0.14111050963401794,0.146873340010643,0.15263617038726807,0.15839900076389313,0.1641618311405182,0.16992466151714325],"_type":"histogram"},"parameters/net.3.weight":{"_type":"histogram","values":[3,0,2,0,1,0,2,2,1,3,4,6,4,4,8,8,10,8,10,11,13,12,9,16,16,21,23,28,31,26,19,19,20,23,13,11,14,10,13,11,8,6,5,13,5,5,4,2,5,6,5,1,1,5,0,1,3,0,0,0,1,0,0,1],"bins":[-0.858208179473877,-0.8293670415878296,-0.8005259037017822,-0.7716847062110901,-0.7428435683250427,-0.7140024304389954,-0.6851612329483032,-0.6563200950622559,-0.6274789571762085,-0.5986378192901611,-0.5697966814041138,-0.5409554839134216,-0.5121143460273743,-0.4832732081413269,-0.45443204045295715,-0.4255908727645874,-0.39674973487854004,-0.3679085969924927,-0.3390674591064453,-0.3102262616157532,-0.2813851237297058,-0.25254398584365845,-0.2237027883529663,-0.19486165046691895,-0.16602051258087158,-0.13717937469482422,-0.10833823680877686,-0.07949703931808472,-0.050655901432037354,-0.02181476354598999,0.0070264339447021484,0.03586757183074951,0.0647086501121521,0.09354978799819946,0.12239092588424683,0.15123212337493896,0.18007326126098633,0.2089143991470337,0.23775559663772583,0.2665967345237732,0.29543787240982056,0.3242790102958679,0.3531201481819153,0.3819613456726074,0.4108024835586548,0.43964362144470215,0.4684848189353943,0.49732595682144165,0.526167094707489,0.5550082325935364,0.5838494300842285,0.6126905679702759,0.6415317058563232,0.6703728437423706,0.699213981628418,0.7280551791191101,0.7568963170051575,0.7857374548912048,0.814578652381897,0.8434197902679443,0.8722609281539917,0.9011020660400391,0.9299432039260864,0.9587844014167786,0.9876255393028259]},"val_acc":0.919,"_step":37,"parameters/net.6.weight":{"_type":"histogram","values":[2,0,1,1,1,0,1,1,0,0,2,0,0,0,1,0,0,0,1,2,2,0,0,0,1,0,1,1,1,0,0,1,1,0,1,0,1,0,2,0,1,1,0,1,1,1,2,3,1,0,3,2,2,1,5,5,3,4,8,3,7,6,8,3],"bins":[-1.5502467155456543,-1.5204066038131714,-1.4905664920806885,-1.4607263803482056,-1.4308862686157227,-1.4010461568832397,-1.3712060451507568,-1.341365933418274,-1.311525821685791,-1.281685709953308,-1.2518455982208252,-1.2220054864883423,-1.1921653747558594,-1.1623252630233765,-1.1324851512908936,-1.1026450395584106,-1.0728049278259277,-1.0429648160934448,-1.013124704360962,-0.983284592628479,-0.9534444808959961,-0.9236043691635132,-0.8937642574310303,-0.8639241456985474,-0.8340840339660645,-0.8042439222335815,-0.7744038105010986,-0.7445636987686157,-0.7147235870361328,-0.6848834753036499,-0.655043363571167,-0.6252032518386841,-0.5953631401062012,-0.5655230283737183,-0.5356829166412354,-0.5058428049087524,-0.4760027229785919,-0.446162611246109,-0.4163224995136261,-0.3864823877811432,-0.3566422760486603,-0.32680216431617737,-0.29696205258369446,-0.26712194085121155,-0.23728182911872864,-0.20744171738624573,-0.17760160565376282,-0.1477614939212799,-0.117921382188797,-0.08808127045631409,-0.05824115872383118,-0.028401046991348267,0.0014390647411346436,0.031279176473617554,0.061119288206100464,0.09095939993858337,0.12079951167106628,0.1506396234035492,0.1804797351360321,0.21031984686851501,0.24015995860099792,0.27000007033348083,0.29984018206596375,0.32968029379844666,0.35952040553092957]},"gradients/net.0.weight":{"bins":[-0.14578565955162048,-0.1414422243833542,-0.13709880411624908,-0.1327553689479828,-0.12841194868087769,-0.12406851351261139,-0.11972507834434509,-0.1153816506266594,-0.1110382229089737,-0.106694795191288,-0.1023513674736023,-0.098007932305336,-0.0936645045876503,-0.0893210768699646,-0.0849776417016983,-0.0806342139840126,-0.0762907862663269,-0.0719473585486412,-0.0676039308309555,-0.06326049566268921,-0.05891706794500351,-0.05457364022731781,-0.050230205059051514,-0.045886777341365814,-0.041543349623680115,-0.037199921905994415,-0.032856494188308716,-0.02851305902004242,-0.02416963130235672,-0.01982620358467102,-0.015482768416404724,-0.011139348149299622,-0.006795927882194519,-0.0024524927139282227,0.0018909275531768799,0.006234362721443176,0.010577790439128876,0.014921218156814575,0.01926465332508087,0.02360808104276657,0.02795150876045227,0.03229493647813797,0.03663836419582367,0.040981799364089966,0.045325227081775665,0.049668654799461365,0.05401208996772766,0.05835551768541336,0.06269894540309906,0.06704237312078476,0.07138580083847046,0.07572923600673676,0.08007266372442245,0.08441609144210815,0.08875952661037445,0.09310295432806015,0.09744638204574585,0.10178980976343155,0.10613323748111725,0.11047667264938354,0.11482010036706924,0.11916352808475494,0.12350696325302124,0.12785038352012634,0.13219381868839264],"_type":"histogram","values":[1,0,0,0,0,0,0,0,1,0,0,0,1,0,0,0,0,0,0,0,0,0,0,0,2,0,1,2,2,6,5,7,9,16,6,6,7,7,5,1,2,1,0,2,0,0,2,0,1,1,0,0,0,0,0,0,0,0,0,0,0,1,0,1]},"_wandb":{"runtime":98},"val_loss":0.09932076412439346,"val_rec":0.6054396512621901,"_timestamp":1.7779254265396593e+09,"val_f1":0.41427255493955456,"epoch":36,