{"parameters/net.3.weight":{"values":[2,0,2,0,4,1,5,1,4,4,8,8,12,10,12,18,18,27,20,27,35,34,42,42,58,62,103,102,119,125,131,141,152,145,114,76,64,54,38,44,41,19,13,19,13,17,12,7,9,5,6,1,7,2,1,2,1,2,1,2,2,1,0,1],"bins":[-0.8068879246711731,-0.7811646461486816,-0.755441427230835,-0.7297181487083435,-0.703994870185852,-0.6782716512680054,-0.6525483727455139,-0.6268250942230225,-0.6011018753051758,-0.5753786563873291,-0.5496553778648376,-0.5239320993423462,-0.4982088506221771,-0.47248560190200806,-0.4467623233795166,-0.42103907465934753,-0.39531582593917847,-0.3695925772190094,-0.34386932849884033,-0.3181460499763489,-0.2924228310585022,-0.26669955253601074,-0.2409762740135193,-0.2152530550956726,-0.18952977657318115,-0.1638064980506897,-0.13808327913284302,-0.11236000061035156,-0.08663672208786011,-0.06091350317001343,-0.03519022464752197,-0.009467005729675293,0.016256332397460938,0.04197961091995239,0.06770282983779907,0.09342610836029053,0.11914932727813721,0.14487260580062866,0.17059588432312012,0.1963191032409668,0.22204238176345825,0.2477656602859497,0.2734888792037964,0.29921215772628784,0.3249354362487793,0.350658655166626,0.37638193368911743,0.4021051824092865,0.42782843112945557,0.45355167984962463,0.4792749285697937,0.5049982070922852,0.5307214260101318,0.5564447045326233,0.5821679830551147,0.6078912019729614,0.6336144804954529,0.6593377590179443,0.685060977935791,0.7107842564582825,0.7365075349807739,0.7622307538986206,0.7879540324211121,0.8136772513389587,0.8394005298614502],"_type":"histogram"},"val_f1":0.3606095350460105,"val_acc":0.9715,"parameters/net.3.bias":{"_type":"histogram","values":[1,0,0,0,0,0,0,0,2,2,0,0,0,0,1,0,0,0,1,2,0,0,0,1,1,1,0,0,2,0,0,1,0,0,0,1,0,1,1,0,0,3,0,1,0,0,1,2,1,0,0,1,1,0,0,1,1,0,0,0,0,1,0,1],"bins":[-0.2397514432668686,-0.22621865570545197,-0.21268586814403534,-0.1991530954837799,-0.18562030792236328,-0.17208752036094666,-0.15855473279953003,-0.1450219452381134,-0.13148915767669678,-0.11795637756586075,-0.10442359745502472,-0.0908908098936081,-0.07735802233219147,-0.06382523477077484,-0.05029246211051941,-0.03675967454910278,-0.023226886987686157,-0.009694099426269531,0.0038386881351470947,0.017371460795402527,0.030904248356819153,0.04443703591823578,0.057969823479652405,0.07150261104106903,0.08503539860248566,0.09856818616390228,0.11210097372531891,0.12563373148441315,0.13916651904582977,0.1526993066072464,0.16623209416866302,0.17976488173007965,0.19329765439033508,0.2068304419517517,0.22036322951316833,0.23389601707458496,0.2474288046360016,0.2609615921974182,0.27449434995651245,0.2880271375179291,0.3015599250793457,0.31509271264076233,0.32862550020217896,0.3421582877635956,0.3556910753250122,0.36922386288642883,0.38275665044784546,0.3962894082069397,0.4098222255706787,0.42335498332977295,0.43688780069351196,0.4504205584526062,0.4639533460140228,0.47748613357543945,0.4910189211368561,0.5045517086982727,0.5180844664573669,0.531617283821106,0.5451500415802002,0.5586828589439392,0.5722156167030334,0.5857484340667725,0.5992811918258667,0.6128140091896057,0.6263467669487]},"gradients/net.6.bias":{"bins":[-0.03854963183403015,-0.03702870383858681,-0.03550777584314346,-0.03398684784770012,-0.032465919852256775,-0.03094499371945858,-0.029424065724015236,-0.02790313959121704,-0.026382211595773697,-0.024861283600330353,-0.02334035560488701,-0.021819427609443665,-0.02029849961400032,-0.018777571618556976,-0.01725664548575878,-0.015735717490315437,-0.014214789494872093,-0.012693861499428749,-0.011172933503985405,-0.00965200737118721,-0.008131079375743866,-0.006610151380300522,-0.005089223384857178,-0.0035682953894138336,-0.0020473673939704895,-0.0005264393985271454,0.0009944885969161987,0.0025154128670692444,0.0040363408625125885,0.005557268857955933,0.007078196853399277,0.00859912484884262,0.010120052844285965,0.011640980839729309,0.013161908835172653,0.014682836830615997,0.01620376482605934,0.017724692821502686,0.01924561709165573,0.020766545087099075,0.02228747308254242,0.023808401077985764,0.025329329073429108,0.026850257068872452,0.028371185064315796,0.02989211305975914,0.031413041055202484,0.03293396532535553,0.03445489704608917,0.03597582131624222,0.03749675303697586,0.039017677307128906,0.04053860530257225,0.042059533298015594,0.04358046129345894,0.04510138928890228,0.04662231728434563,0.04814324527978897,0.04966416954994202,0.05118510127067566,0.052706025540828705,0.05422695353627205,0.05574788153171539,0.05726880952715874,0.05878973752260208],"_type":"histogram","values":[1,0,0,0,0,0,1,0,0,0,0,0,0,0,0,0,0,0,0,0,0,0,0,0,0,1,0,1,1,0,0,0,0,0,0,0,0,0,0,0,0,0,0,0,0,0,0,0,0,0,0,0,0,0,0,0,0,0,0,0,0,0,0,1]},"gradients/net.6.weight":{"values":[1,0,1,0,1,0,0,0,0,0,0,0,0,0,0,0,0,0,0,3,0,0,4,2,1,1,1,2,4,4,10,3,114,19,4,0,3,1,0,0,0,1,0,3,3,0,1,1,0,1,0,0,0,0,0,0,0,0,0,1,0,0,0,2],"bins":[-0.1783694177865982,-0.17288002371788025,-0.1673906296491623,-0.16190123558044434,-0.15641185641288757,-0.15092246234416962,-0.14543306827545166,-0.1399436742067337,-0.13445428013801575,-0.12896490097045898,-0.12347549945116043,-0.11798611283302307,-0.11249671876430511,-0.10700732469558716,-0.1015179306268692,-0.09602854400873184,-0.09053914994001389,-0.08504975587129593,-0.07956036925315857,-0.07407097518444061,-0.06858158111572266,-0.0630921944975853,-0.05760280042886734,-0.05211341381072998,-0.046624019742012024,-0.04113462567329407,-0.03564523160457611,-0.030155837535858154,-0.024666443467140198,-0.019177064299583435,-0.013687670230865479,-0.008198276162147522,-0.0027088820934295654,0.002780511975288391,0.008269906044006348,0.013759300112724304,0.019248679280281067,0.024738073348999023,0.03022746741771698,0.035716861486434937,0.04120625555515289,0.04669564962387085,0.05218503624200821,0.057674430310726166,0.06316381692886353,0.06865321099758148,0.07414260506629944,0.0796319916844368,0.08512138575315475,0.09061077982187271,0.09610016644001007,0.10158956050872803,0.10707895457744598,0.11256834864616394,0.1180577352643013,0.12354712933301926,0.12903651595115662,0.13452591001987457,0.14001530408859253,0.14550469815731049,0.15099409222602844,0.1564834713935852,0.16197286546230316,0.16746225953102112,0.17295165359973907],"_type":"histogram"},"parameters/net.6.bias":{"bins":[-0.7915332913398743,-0.7715290188789368,-0.7515246868133545,-0.731520414352417,-0.7115161418914795,-0.6915118098258972,-0.6715075373649597,-0.6515032052993774,-0.6314989328384399,-0.6114946603775024,-0.5914903879165649,-0.5714860558509827,-0.5514817833900452,-0.5314774513244629,-0.5114731788635254,-0.4914689064025879,-0.471464604139328,-0.4514603018760681,-0.4314560294151306,-0.4114517271518707,-0.39144742488861084,-0.37144315242767334,-0.35143885016441345,-0.33143454790115356,-0.31143027544021606,-0.2914259433746338,-0.2714216709136963,-0.2514173984527588,-0.2314130663871765,-0.211408793926239,-0.1914045214653015,-0.17140018939971924,-0.15139588713645935,-0.13139161467552185,-0.11138728260993958,-0.09138301014900208,-0.07137873768806458,-0.0513744056224823,-0.0313701331615448,-0.0113658607006073,0.008638471364974976,0.028642743825912476,0.04864704608917236,0.06865134835243225,0.08865562081336975,0.10865992307662964,0.12866422533988953,0.14866849780082703,0.16867280006408691,0.1886771023273468,0.2086813747882843,0.2286856770515442,0.24868997931480408,0.26869428157806396,0.28869855403900146,0.30870285630226135,0.32870715856552124,0.34871143102645874,0.36871573328971863,0.3887200355529785,0.408724308013916,0.4287286102771759,0.4487329125404358,0.4687371850013733,0.4887414872646332],"_type":"histogram","values":[1,0,0,0,0,0,0,0,0,0,0,0,0,0,0,0,0,0,0,0,0,0,0,0,0,0,1,1,1,0,0,0,0,0,0,0,0,0,0,0,0,0,0,0,0,0,0,0,0,0,0,0,0,1,0,0,0,0,0,0,0,0,0,1]},"columns":["Air temperature [K]","Process temperature [K]","Rotational speed [rpm]","Torque [Nm]","Tool wear [min]","Failure Type"],"val_rec":0.33728751931642575,"gradients/net.0.weight":{"_type":"histogram",