{"parameters/net.6.bias":{"bins":[-0.2728957235813141,-0.2674054801464081,-0.2619152069091797,-0.2564249634742737,-0.2509346902370453,-0.24544444680213928,-0.23995418846607208,-0.23446393013000488,-0.22897367179393768,-0.22348341345787048,-0.21799317002296448,-0.21250291168689728,-0.20701265335083008,-0.20152239501476288,-0.19603213667869568,-0.19054189324378967,-0.18505162000656128,-0.17956137657165527,-0.17407111823558807,-0.16858085989952087,-0.16309060156345367,-0.15760034322738647,-0.15211009979248047,-0.14661984145641327,-0.14112958312034607,-0.13563932478427887,-0.13014906644821167,-0.12465880811214447,-0.11916854977607727,-0.11367830634117126,-0.10818804800510406,-0.10269778966903687,-0.09720753133296967,-0.09171727299690247,-0.08622701466083527,-0.08073675632476807,-0.07524651288986206,-0.06975625455379486,-0.06426599621772766,-0.05877573788166046,-0.05328547954559326,-0.04779522120952606,-0.04230497032403946,-0.03681471198797226,-0.03132446110248566,-0.025834202766418457,-0.020343944430351257,-0.014853693544864655,-0.009363435208797455,-0.003873176872730255,0.0016170740127563477,0.007107332348823547,0.012597590684890747,0.01808784529566765,0.02357809990644455,0.02906835824251175,0.03455861285328865,0.04004886746406555,0.04553912580013275,0.05102938041090965,0.056519635021686554,0.062009893357753754,0.06750015169382095,0.07299040257930756,0.07848066091537476],"_type":"histogram","values":[1,0,0,0,0,0,0,0,0,0,0,0,0,0,0,0,0,0,0,0,0,0,0,0,0,0,0,0,0,0,0,0,0,0,0,0,0,0,0,0,0,0,1,0,0,0,0,0,0,0,0,0,0,0,0,0,1,0,0,0,1,1,0,1]},"_runtime":67,"columns":["Air temperature [K]","Process temperature [K]","Rotational speed [rpm]","Torque [Nm]","Tool wear [min]","Failure Type"],"gradients/net.3.weight":{"_type":"histogram","values":[1,0,1,0,2,3,10,7,5,15,10,24,15,31,34,61,100,171,316,627,1434,4468,408,129,64,41,31,21,17,10,22,24,7,4,7,8,3,6,11,4,5,5,1,3,3,2,4,0,1,1,0,4,3,2,2,0,2,0,0,0,0,0,1,1],"bins":[-0.021777885034680367,-0.020760629326105118,-0.01974337361752987,-0.01872611790895462,-0.017708860337734222,-0.016691606491804123,-0.015674348920583725,-0.014657093212008476,-0.013639837503433228,-0.012622581794857979,-0.01160532608628273,-0.010588069446384907,-0.009570813737809658,-0.00855355802923441,-0.007536301389336586,-0.006519045680761337,-0.0055017899721860886,-0.00448453426361084,-0.003467278555035591,-0.0024500228464603424,-0.0014327671378850937,-0.00041550956666469574,0.000601746141910553,0.0016190018504858017,0.0026362575590610504,0.003653513267636299,0.004670768976211548,0.005688024684786797,0.0067052822560071945,0.007722537964582443,0.008739793673157692,0.009757047519087791,0.01077430322766304,0.011791560798883438,0.012808814644813538,0.013826070353388786,0.014843326061964035,0.015860583633184433,0.01687783934175968,0.01789509505033493,0.01891235075891018,0.019929606467485428,0.020946862176060677,0.021964117884635925,0.022981375455856323,0.023998631164431572,0.02501588687300682,0.02603314258158207,0.027050398290157318,0.028067653998732567,0.029084909707307816,0.030102167278528214,0.031119421124458313,0.03213667869567871,0.03315393626689911,0.03417119011282921,0.03518844395875931,0.036205701529979706,0.037222959101200104,0.0382402129471302,0.0392574705183506,0.0402747243642807,0.0412919819355011,0.0423092357814312,0.043326493352651596]},"test_size":2000,"epoch":20,"gradients/net.6.weight":{"values":[1,0,0,1,0,0,0,1,1,2,0,1,1,2,1,0,0,0,0,2,3,1,2,1,3,2,4,4,8,11,10,11,11,15,23,146,30,14,10,8,4,7,7,3,9,0,6,3,2,3,0,3,0,1,0,2,0,0,0,1,0,0,1,2],"bins":[-0.10304964333772659,-0.10011555254459381,-0.09718145430088043,-0.09424735605716705,-0.09131326526403427,-0.08837917447090149,-0.08544507622718811,-0.08251097798347473,-0.07957688719034195,-0.07664279639720917,-0.07370869815349579,-0.07077459990978241,-0.06784050911664963,-0.06490641832351685,-0.06197232007980347,-0.059038225561380386,-0.056104131042957306,-0.053170036524534225,-0.050235942006111145,-0.047301847487688065,-0.044367752969264984,-0.041433658450841904,-0.03849956393241882,-0.03556547313928604,-0.03263137489557266,-0.029697276651859283,-0.0267631858587265,-0.02382909506559372,-0.02089499682188034,-0.01796089857816696,-0.01502680778503418,-0.012092716991901398,-0.009158611297607422,-0.006224513053894043,-0.003290422260761261,-0.000356331467628479,0.0025777667760849,0.005511865019798279,0.00844595581293106,0.011380046606063843,0.014314144849777222,0.0172482430934906,0.020182333886623383,0.023116428405046463,0.026050522923469543,0.028984617441892624,0.031918711960315704,0.034852806478738785,0.037786900997161865,0.040720995515584946,0.043655090034008026,0.04658918455243111,0.04952327907085419,0.05245737358927727,0.05539146810770035,0.05832556262612343,0.06125965714454651,0.06419375538825989,0.06712784618139267,0.07006193697452545,0.07299603521823883,0.07593013346195221,0.07886422425508499,0.08179831504821777,0.08473241329193115],"_type":"histogram"},"parameters/net.6.weight":{"bins":[-0.8715137839317322,-0.8526252508163452,-0.833736777305603,-0.8148482441902161,-0.7959597110748291,-0.7770712375640869,-0.7581827044487,-0.739294171333313,-0.7204056978225708,-0.7015171647071838,-0.6826286315917969,-0.6637401580810547,-0.6448516249656677,-0.6259630918502808,-0.6070746183395386,-0.5881860256195068,-0.5692975521087646,-0.5504090785980225,-0.5315204858779907,-0.5126320123672485,-0.4937434792518616,-0.474854975938797,-0.4559664726257324,-0.43707793951034546,-0.4181894361972809,-0.3993009328842163,-0.38041239976882935,-0.3615238666534424,-0.3426353931427002,-0.32374686002731323,-0.30485832691192627,-0.2859698534011841,-0.26708126068115234,-0.24819272756576538,-0.2293042540550232,-0.21041572093963623,-0.19152718782424927,-0.17263871431350708,-0.15375018119812012,-0.13486164808273315,-0.11597314476966858,-0.097084641456604,-0.07819610834121704,-0.059307605028152466,-0.04041910171508789,-0.021530568599700928,-0.0026420652866363525,0.01624646782875061,0.035134971141815186,0.05402347445487976,0.07291200757026672,0.0918005108833313,0.11068902909755707,0.12957754731178284,0.1484660506248474,0.16735456883907318,0.18624308705329895,0.20513160526752472,0.2240201234817505,0.24290862679481506,0.26179713010787964,0.2806856632232666,0.2995741665363312,0.31846269965171814,0.3373512029647827],"_type":"histogram","values":[1,0,0,0,0,2,0,1,0,0,2,0,0,0,0,2,2,3,4,4,2,1,7,2,2,7,1,2,5,2,0,1,4,4,6,7,5,3,5,7,9,17,9,12,17,16,25,22,23,17,35,24,27,16,7,8,3,2,0,0,0,0,0,1]},"rows":10000,"distribution_comparison":{"sha256":"68fd0f1e3e63bb88e70ed326ec8b750e54b22895b6291e02d13d7eca6fdda444","nrows":3,"size":236,"path":"media/table/distribution_comparison_0_68fd0f1e3e63bb88e70e.table.json","ncols":4,"log_mode":"IMMUTABLE","artifact_path":"wandb-client-artifact://p27xfti3abh2c7o7mllu1sd8bsjjqdcr4d4fv9m1cywzdicficesrqrilx9r0xuf4agizee219w9mvceqtz2vjosvluwbldzy4mm0wl81aldjsta7ijq2tzrowrlj07n/distribution_comparison.table.json","_type":"table-file","_latest_artifact_path":"wandb-client-artifact://nxnokrzwpcrt0ulhyg5x1zpuq2el176fjeggqwvjwpzhgmoh73p3y187etgv96qyj8mow7jxgvf9rz7g4gdrgcrr3k0vat0gvfamq40wbw9mt71npobkpik0x0yv07i9:latest/distribution_comparison.table.json"},"val_acc":0.92,"val_prec":0.35567340519158974,"_wandb":{"runtime":67},