{"gradients/net.6.bias":{"_type":"histogram","values":[1,0,0,0,0,0,0,0,0,0,0,0,0,0,1,0,0,0,0,0,0,0,0,0,0,0,1,0,0,0,0,0,0,0,0,0,0,0,0,0,0,0,0,0,0,0,0,0,0,0,0,0,1,0,0,0,0,1,0,0,0,0,0,1],"bins":[-0.09085717797279358,-0.08831001073122025,-0.08576284348964691,-0.08321567624807358,-0.08066850900650024,-0.07812134176492691,-0.07557417452335358,-0.07302700728178024,-0.07047984004020691,-0.06793267279863358,-0.06538550555706024,-0.06283833831548691,-0.060291167348623276,-0.05774400010704994,-0.05519683286547661,-0.052649665623903275,-0.05010249838232994,-0.04755533114075661,-0.04500816389918327,-0.04246099665760994,-0.039913829416036606,-0.03736666217446327,-0.03481949493288994,-0.032272327691316605,-0.029725156724452972,-0.02717798948287964,-0.024630822241306305,-0.02208365499973297,-0.019536487758159637,-0.016989320516586304,-0.01444215327501297,-0.011894986033439636,-0.009347818791866302,-0.006800651550292969,-0.004253484308719635,-0.0017063170671463013,0.0008408501744270325,0.003388017416000366,0.0059351846575737,0.008482351899147034,0.011029519140720367,0.013576690107584,0.016123857349157333,0.018671024590730667,0.021218191832304,0.023765359073877335,0.02631252631545067,0.028859693557024002,0.031406860798597336,0.03395402804017067,0.036501195281744,0.03904836252331734,0.04159552976489067,0.0441427007317543,0.04668986797332764,0.04923703521490097,0.051784202456474304,0.05433136969804764,0.05687853693962097,0.059425704181194305,0.06197287142276764,0.06452003866434097,0.0670672059059143,0.06961437314748764,0.07216154038906097]},"gradients/net.3.weight":{"_type":"histogram","values":[1,0,0,0,0,1,0,0,0,0,1,0,2,0,2,0,1,1,1,1,0,0,1,2,8,4,5,10,12,11,23,68,472,1116,117,64,25,21,14,12,14,11,5,0,2,2,4,1,3,0,2,0,0,0,1,0,0,2,2,0,0,0,1,2],"bins":[-0.23651079833507538,-0.2293514609336853,-0.22219212353229523,-0.21503278613090515,-0.20787344872951508,-0.200714111328125,-0.19355475902557373,-0.18639543652534485,-0.17923608422279358,-0.1720767617225647,-0.16491740942001343,-0.15775808691978455,-0.15059873461723328,-0.1434393972158432,-0.13628005981445312,-0.12912072241306305,-0.12196138501167297,-0.1148020476102829,-0.10764271020889282,-0.10048337280750275,-0.09332403540611267,-0.0861646980047226,-0.07900536060333252,-0.07184602320194244,-0.06468667089939117,-0.0575273334980011,-0.05036799609661102,-0.04320865869522095,-0.03604932129383087,-0.028889983892440796,-0.02173064649105072,-0.014571309089660645,-0.007411956787109375,-0.0002526193857192993,0.006906718015670776,0.014066055417060852,0.021225392818450928,0.028384730219841003,0.03554406762123108,0.042703405022621155,0.04986274242401123,0.0570220947265625,0.06418143212795258,0.07134076952934265,0.07850010693073273,0.0856594443321228,0.09281878173351288,0.09997811913490295,0.10713745653629303,0.1142967939376831,0.12145613133907318,0.12861546874046326,0.13577480614185333,0.1429341435432434,0.15009349584579468,0.15725281834602356,0.16441217064857483,0.1715714931488037,0.17873084545135498,0.18589018285274506,0.19304952025413513,0.2002088576555252,0.20736819505691528,0.21452753245830536,0.22168686985969543]},"val_acc":0.645,"gradients/net.6.weight":{"bins":[-0.5910339951515198,-0.5724374651908875,-0.5538408756256104,-0.535244345664978,-0.5166478157043457,-0.4980512857437134,-0.47945472598075867,-0.46085816621780396,-0.44226163625717163,-0.4236651062965393,-0.4050685465335846,-0.3864719867706299,-0.36787545680999756,-0.34927892684936523,-0.3306823670864105,-0.3120858073234558,-0.2934892773628235,-0.27489274740219116,-0.25629618763923645,-0.23769962787628174,-0.21910309791564941,-0.2005065679550171,-0.18191000819206238,-0.16331344842910767,-0.14471691846847534,-0.12612038850784302,-0.1075238287448883,-0.0889272689819336,-0.07033073902130127,-0.051734209060668945,-0.033137619495391846,-0.014541089534759521,0.004055500030517578,0.022652029991149902,0.04124855995178223,0.059845149517059326,0.07844167947769165,0.09703820943832397,0.11563476920127869,0.1342313289642334,0.15282785892486572,0.17142438888549805,0.19002094864845276,0.20861750841140747,0.2272140383720398,0.24581056833267212,0.26440712809562683,0.28300368785858154,0.30160021781921387,0.3201967477798462,0.3387933075428009,0.3573898673057556,0.37598639726638794,0.39458292722702026,0.413179486989975,0.4317760467529297,0.450372576713562,0.46896910667419434,0.48756566643714905,0.5061622262001038,0.5247587561607361,0.5433552861213684,0.5619518756866455,0.5805484056472778,0.5991449356079102],"_type":"histogram","values":[1,0,1,0,0,1,1,0,2,0,0,0,0,0,2,0,0,1,0,0,1,1,1,1,1,0,1,4,8,7,14,81,19,18,2,7,0,2,1,1,0,2,0,0,1,0,1,1,2,1,0,0,0,1,0,0,1,1,1,0,0,0,0,1]},"parameters/net.3.weight":{"bins":[-1.699516773223877,-1.6394933462142944,-1.579469919204712,-1.519446611404419,-1.4594231843948364,-1.399399757385254,-1.339376449584961,-1.2793530225753784,-1.219329595565796,-1.1593061685562134,-1.0992827415466309,-1.039259433746338,-0.9792360067367554,-0.9192125797271729,-0.8591892123222351,-0.7991658449172974,-0.7391424179077148,-0.6791189908981323,-0.6190955638885498,-0.5590722560882568,-0.4990488290786743,-0.4390254020690918,-0.37900209426879883,-0.3189786672592163,-0.2589552402496338,-0.19893181324005127,-0.13890838623046875,-0.07888507843017578,-0.01886165142059326,0.04116177558898926,0.10118508338928223,0.16120851039886475,0.22123193740844727,0.2812553644180298,0.3412787914276123,0.4013020992279053,0.4613255262374878,0.5213489532470703,0.5813722610473633,0.6413956880569458,0.7014191150665283,0.7614425420761108,0.8214659690856934,0.8814892768859863,0.9415127038955688,1.0015361309051514,1.0615594387054443,1.1215828657150269,1.1816062927246094,1.241629719734192,1.3016531467437744,1.3616764545440674,1.42169988155365,1.4817233085632324,1.5417466163635254,1.601770043373108,1.6617934703826904,1.721816897392273,1.7818403244018555,1.8418636322021484,1.901887059211731,1.9619104862213135,2.0219337940216064,2.0819573402404785,2.1419806480407715],"_type":"histogram","values":[2,1,0,4,1,2,3,1,1,4,11,9,6,11,14,16,18,24,29,33,36,44,42,53,95,123,176,240,301,233,189,96,65,35,32,29,12,16,7,4,7,5,1,3,3,1,0,0,0,2,1,0,1,1,1,1,0,1,0,1,0,0,0,1]},"parameters/net.0.bias":{"values":[2,0,0,1,1,0,1,4,1,3,3,3,0,0,2,1,3,2,1,0,1,4,0,2,1,1,0,0,0,0,1,0,2,1,0,3,1,1,3,0,0,0,0,0,1,1,0,0,0,1,0,1,1,0,1,1,1,1,2,1,0,1,0,2],"bins":[-0.9964175224304199,-0.9661413431167603,-0.9358652234077454,-0.9055890440940857,-0.8753129243850708,-0.8450367450714111,-0.8147605657577515,-0.7844844460487366,-0.7542083263397217,-0.723932147026062,-0.6936559677124023,-0.6633798480033875,-0.6331036686897278,-0.6028275489807129,-0.5725513696670532,-0.5422751903533936,-0.5119990706443787,-0.481722891330719,-0.4514467716217041,-0.42117059230804443,-0.39089447259902954,-0.3606182932853699,-0.330342173576355,-0.3000659942626953,-0.26978981494903564,-0.23951369524002075,-0.20923751592636108,-0.1789613962173462,-0.14868521690368652,-0.11840909719467163,-0.08813291788101196,-0.05785679817199707,-0.027580559253692627,0.002695620059967041,0.032971739768981934,0.0632479190826416,0.0935240387916565,0.12380021810531616,0.15407633781433105,0.18435251712799072,0.21462863683700562,0.24490481615066528,0.27518099546432495,0.30545711517333984,0.3357332944869995,0.3660094141960144,0.3962855935096741,0.42656171321868896,0.45683789253234863,0.4871140420436859,0.5173901915550232,0.5476663112640381,0.5779424905776978,0.6082186698913574,0.6384948492050171,0.668770968914032,0.6990470886230469,0.7293232679367065,0.7595994472503662,0.7898755669593811,0.8201517462730408,0.8504278659820557,0.8807040452957153,0.9109801650047302,0.9412563443183899],"_type":"histogram"},"_wandb":{"runtime":45},"parameters/net.3.bias":{"_type":"histogram","values":[1,0,0,0,0,1,0,0,0,0,0,0,0,0,0,0,0,0,0,1,1,0,0,1,0,0,1,1,2,0,1,0,0,1,0,0,1,0,2,0,1,1,3,1,1,1,0,1,0,0,0,0,0,2,0,0,2,0,2,0,0,1,1,1],