{"parameters/net.0.bias":{"values":[2,3,2,1,3,2,1,0,2,0,2,0,2,0,3,0,3,2,2,1,0,1,1,1,0,1,0,1,1,1,0,0,1,0,0,0,3,0,0,1,0,0,1,1,1,2,2,0,2,0,1,2,0,1,2,1,0,2,0,0,1,1,0,1],"bins":[-0.5944609642028809,-0.5724860429763794,-0.5505111217498779,-0.5285362005233765,-0.506561279296875,-0.48458632826805115,-0.4626113772392273,-0.44063645601272583,-0.41866153478622437,-0.3966866135597229,-0.37471169233322144,-0.3527367413043976,-0.3307618200778961,-0.30878689885139465,-0.2868119478225708,-0.26483702659606934,-0.24286210536956787,-0.2208871841430664,-0.19891226291656494,-0.1769373118877411,-0.15496239066123962,-0.13298746943473816,-0.1110125184059143,-0.08903759717941284,-0.06706267595291138,-0.04508775472640991,-0.023112833499908447,-0.0011379122734069824,0.020837068557739258,0.04281198978424072,0.06478691101074219,0.08676183223724365,0.10873681306838989,0.13071173429489136,0.15268665552139282,0.1746615767478943,0.19663649797439575,0.218611478805542,0.24058640003204346,0.2625613212585449,0.2845362424850464,0.30651116371154785,0.3284860849380493,0.35046103596687317,0.37243595719337463,0.3944108784198761,0.41638582944869995,0.4383607506752014,0.4603356719017029,0.48231059312820435,0.5042855143547058,0.526260495185852,0.5482354164123535,0.570210337638855,0.5921852588653564,0.6141601800918579,0.6361351013183594,0.6581100225448608,0.6800849437713623,0.7020598649978638,0.7240347862243652,0.7460097670555115,0.7679846882820129,0.7899596095085144,0.8119345307350159],"_type":"histogram"},"train_loss":0.11506995531916618,"val_loss":0.1106105266213417,"parameters/net.6.bias":{"bins":[-0.22384460270404816,-0.2163349986076355,-0.20882537961006165,-0.201315775513649,-0.19380617141723633,-0.18629655241966248,-0.17878694832324982,-0.17127734422683716,-0.1637677252292633,-0.15625812113285065,-0.148748517036438,-0.14123889803886414,-0.13372929394245148,-0.12621968984603882,-0.11871007829904556,-0.1112004742026329,-0.10369086265563965,-0.09618125855922699,-0.08867163956165314,-0.08116203546524048,-0.07365243136882782,-0.06614281237125397,-0.05863320827484131,-0.05112360417842865,-0.0436139851808548,-0.03610438108444214,-0.02859477698802948,-0.02108517289161682,-0.013575553894042969,-0.00606594979763031,0.0014436542987823486,0.008953273296356201,0.016462892293930054,0.023972496390342712,0.031482115387916565,0.038991719484329224,0.04650132358074188,0.054010942578315735,0.061520546674728394,0.06903015077114105,0.07653975486755371,0.08404937386512756,0.09155897796154022,0.09906858205795288,0.10657820105552673,0.11408780515193939,0.12159740924835205,0.1291070282459259,0.13661663234233856,0.14412623643875122,0.15163585543632507,0.15914545953273773,0.1666550636291504,0.17416468262672424,0.1816742867231369,0.18918389081954956,0.1966935098171234,0.20420311391353607,0.21171271800994873,0.21922233700752258,0.22673194110393524,0.2342415452003479,0.24175114929676056,0.2492607682943344,0.25677037239074707],"_type":"histogram","values":[1,0,0,0,0,0,0,0,0,0,0,0,0,0,0,0,1,1,0,0,0,0,0,0,0,0,0,1,0,0,0,0,0,0,0,0,0,0,0,0,0,1,0,0,0,0,0,0,0,0,0,0,0,0,0,0,0,0,0,0,0,0,0,1]},"gradients/net.6.weight":{"values":[1,0,0,0,0,0,0,0,0,0,0,0,1,0,0,1,2,2,1,1,1,1,4,3,3,1,1,2,6,4,3,6,4,6,3,7,33,10,15,10,11,11,7,5,1,3,6,2,0,3,2,3,0,0,1,0,0,1,0,0,1,1,0,2],"bins":[-0.09533799439668655,-0.09274711459875107,-0.09015622735023499,-0.0875653475522995,-0.08497446030378342,-0.08238358050584793,-0.07979269325733185,-0.07720181345939636,-0.07461093366146088,-0.0720200464129448,-0.06942916661500931,-0.06683827936649323,-0.06424739956855774,-0.061656516045331955,-0.05906563624739647,-0.056474752724170685,-0.0538838692009449,-0.051292985677719116,-0.04870210215449333,-0.046111222356557846,-0.04352033883333206,-0.04092945531010628,-0.03833857178688049,-0.03574768826365471,-0.033156804740428925,-0.03056592494249344,-0.027975037693977356,-0.02538415789604187,-0.022793278098106384,-0.0202023908495903,-0.017611511051654816,-0.015020623803138733,-0.012429744005203247,-0.009838864207267761,-0.0072479769587516785,-0.004657097160816193,-0.00206620991230011,0.000524669885635376,0.003115549683570862,0.005706436932086945,0.00829731673002243,0.010888200253248215,0.013479083776473999,0.016069967299699783,0.018660850822925568,0.021251734346151352,0.023842614144086838,0.026433497667312622,0.029024381190538406,0.03161526471376419,0.034206148236989975,0.03679702803492546,0.039387911558151245,0.04197879508137703,0.044569678604602814,0.0471605584025383,0.04975144565105438,0.05234232544898987,0.05493320897221565,0.05752409249544144,0.06011497601866722,0.062705859541893,0.06529673933982849,0.06788762658834457,0.07047850638628006],"_type":"histogram"},"gradients/net.3.weight":{"bins":[-0.034024592489004135,-0.03293035179376602,-0.03183611109852791,-0.030741868540644646,-0.029647625982761383,-0.02855338528752327,-0.027459144592285156,-0.026364903897047043,-0.02527066133916378,-0.024176418781280518,-0.023082178086042404,-0.02198793739080429,-0.020893696695566177,-0.019799454137682915,-0.0187052134424448,-0.01761097088456154,-0.016516730189323425,-0.015422489494085312,-0.01432824693620205,-0.013234006240963936,-0.012139763683080673,-0.01104552298784256,-0.009951282292604446,-0.008857039734721184,-0.00776279903948307,-0.006668558344244957,-0.005574315786361694,-0.004480075091123581,-0.0033858343958854675,-0.002291593700647354,-0.0011973492801189423,-0.00010310858488082886,0.000991135835647583,0.0020853765308856964,0.00317961722612381,0.004273861646652222,0.005368102341890335,0.0064623430371284485,0.007556583732366562,0.008650826290249825,0.009745066985487938,0.010839307680726051,0.011933550238609314,0.013027790933847427,0.01412203162908554,0.015216274186968803,0.016310514882206917,0.01740475744009018,0.018498998135328293,0.019593238830566406,0.02068748138844967,0.021781722083687782,0.022875964641571045,0.02397020533680916,0.02506444603204727,0.026158686727285385,0.027252929285168648,0.02834717184305191,0.029441412538290024,0.030535653233528137,0.03162989392876625,0.032724134624004364,0.033818379044532776,0.03491261973977089,0.036006860435009],"_type":"histogram","values":[2,0,0,0,0,1,0,0,1,1,1,1,3,2,4,5,3,6,4,14,25,26,17,35,36,46,72,87,107,149,278,646,121,88,63,50,33,22,14,17,13,13,8,8,5,2,5,3,2,0,1,1,0,0,0,1,1,1,0,1,1,0,0,2]},"epoch":22,"parameters/net.0.weight":{"bins":[-0.8778570890426636,-0.851293683052063,-0.8247302770614624,-0.7981668710708618,-0.771603524684906,-0.7450401186943054,-0.7184767127037048,-0.6919133067131042,-0.6653499603271484,-0.6387865543365479,-0.6122231483459473,-0.5856597423553467,-0.5590963363647461,-0.5325329303741455,-0.5059695243835449,-0.4794061779975891,-0.4528427720069885,-0.42627936601638794,-0.39971598982810974,-0.37315261363983154,-0.34658920764923096,-0.32002580165863037,-0.2934623956680298,-0.2668989896774292,-0.2403355836868286,-0.2137722373008728,-0.18720883131027222,-0.16064542531967163,-0.13408201932907104,-0.10751861333847046,-0.08095526695251465,-0.05439186096191406,-0.027828514575958252,-0.001265108585357666,0.02529829740524292,0.05186164379119873,0.07842504978179932,0.1049884557723999,0.1315518617630005,0.15811526775360107,0.18467861413955688,0.21124202013015747,0.23780542612075806,0.26436883211135864,0.29093223810195923,0.3174956440925598,0.344059020280838,0.3706223964691162,0.3971858024597168,0.4237492084503174,0.4503125846385956,0.47687599062919617,0.5034393668174744,0.530002772808075,0.5565661787986755,0.5831295847892761,0.6096929311752319,0.6362563371658325,0.6628197431564331,0.6893831491470337,0.7159465551376343,0.7425099611282349,0.7690733075141907,0.7956367135047913,0.8222001194953918],"_type":"histogram","values":[1,0,0,1,0,1,0,3,2,5,3,4,5,6,2,4,3,2,4,4,4,3,4,3,2,5,7,4,3,7,4,4,5,2,3,4,3,5,5,0,3,5,2,3,1,3,6,6,2,2,3,2,4,3,3,5,2,2,1,2,2,0,2,1]},"val_rec":0.6422077503973468,"_timestamp":1.7779304147684195e+09,"test_size":2000,"gradients/net.0.bias":{"_type":"histogram","values":[2,0,0,1,0,2,0,1,0,1,1,1,1,2,1,0,0,1,1,4,4,0,2,0,5,1,3,1,0,3,0,3,2,5,3,3,2,1,1,0,0,2,0,3,0,0,0,0,0,0,0,0,0,0,0,0,0,0,0,0,0,0,0,1],