{"epoch":39,"test_size":2000,"parameters/net.3.weight":{"values":[1,0,1,0,0,2,0,1,0,3,4,5,8,8,8,18,13,20,26,23,38,39,47,50,47,88,128,131,150,185,167,158,159,107,100,60,54,48,37,27,18,13,17,7,6,5,4,2,5,4,2,0,1,1,0,0,0,1,0,0,0,0,0,1],"bins":[-1.0150439739227295,-0.9815110564231873,-0.947978138923645,-0.9144452214241028,-0.8809123039245605,-0.8473793864250183,-0.8138464689254761,-0.7803134918212891,-0.7467806339263916,-0.7132476568222046,-0.6797147989273071,-0.6461818218231201,-0.6126489043235779,-0.5791159868240356,-0.5455830693244934,-0.5120501518249512,-0.47851723432540894,-0.4449843168258667,-0.41145139932632446,-0.3779184818267822,-0.34438556432724,-0.31085264682769775,-0.2773197293281555,-0.24378681182861328,-0.21025383472442627,-0.17672091722488403,-0.1431879997253418,-0.10965508222579956,-0.07612216472625732,-0.04258924722671509,-0.009056329727172852,0.02447652816772461,0.05800950527191162,0.09154248237609863,0.1250753402709961,0.15860825777053833,0.19214117527008057,0.2256740927696228,0.25920701026916504,0.2927399277687073,0.3262728452682495,0.3598058223724365,0.39333873987197876,0.426871657371521,0.46040457487106323,0.49393749237060547,0.5274704098701477,0.5610033273696899,0.5945362448692322,0.6280691623687744,0.6616020798683167,0.6951349973678589,0.7286679148674011,0.7622008323669434,0.7957338094711304,0.8292666673660278,0.8627996444702148,0.8963325023651123,0.9298654794692993,0.9633983969688416,0.9969313144683838,1.0304641723632812,1.0639971494674683,1.0975300073623657,1.1310629844665527],"_type":"histogram"},"gradients/net.6.weight":{"_type":"histogram","values":[1,0,0,1,1,0,0,0,1,0,0,0,1,0,2,2,2,1,1,1,2,0,3,0,2,1,2,3,2,3,5,9,12,47,19,10,9,11,10,4,2,3,4,3,2,0,1,2,0,1,2,1,1,0,1,0,0,0,0,0,0,0,0,1],"bins":[-0.1751430779695511,-0.16992849111557007,-0.16471390426158905,-0.15949931740760803,-0.15428471565246582,-0.1490701287984848,-0.14385554194450378,-0.13864095509052277,-0.13342636823654175,-0.12821176648139954,-0.12299717962741852,-0.1177825927734375,-0.11256800591945648,-0.10735341161489487,-0.10213882476091385,-0.09692423045635223,-0.09170964360237122,-0.0864950567483902,-0.08128046244382858,-0.07606587558984756,-0.07085128128528595,-0.06563669443130493,-0.060422107577323914,-0.0552075132727623,-0.04999293386936188,-0.044778332114219666,-0.03956374526023865,-0.03434915840625763,-0.02913457155227661,-0.023919984698295593,-0.01870538294315338,-0.013490796089172363,-0.008276209235191345,-0.003061622381210327,0.002152964472770691,0.007367566227912903,0.012582153081893921,0.01779673993587494,0.023011326789855957,0.028225913643836975,0.03344051539897919,0.03865509480237961,0.04386968910694122,0.04908427596092224,0.05429886281490326,0.059513457119464874,0.06472804397344589,0.06994263827800751,0.07515722513198853,0.08037181198596954,0.08558640629053116,0.09080099314451218,0.09601558744907379,0.10123017430305481,0.10644476115703583,0.11165934801101685,0.11687394231557846,0.12208853662014008,0.1273031234741211,0.1325177103281021,0.13773229718208313,0.14294689893722534,0.14816148579120636,0.15337607264518738,0.1585906594991684]},"val_rec":0.6385777027616406,"parameters/net.0.bias":{"_type":"histogram","values":[1,1,4,2,1,2,1,1,4,1,1,1,0,1,4,1,1,2,1,3,0,0,1,0,0,1,2,0,0,1,0,2,0,0,0,2,0,1,1,0,2,0,1,1,0,1,1,0,0,2,2,0,1,1,0,0,0,3,1,2,0,1,0,1],"bins":[-0.8486605286598206,-0.8220272660255432,-0.7953940033912659,-0.7687607407569885,-0.7421274781227112,-0.7154942154884338,-0.6888609528541565,-0.6622276902198792,-0.6355944275856018,-0.6089611649513245,-0.5823279023170471,-0.5556946396827698,-0.5290613770484924,-0.5024281144142151,-0.47579485177993774,-0.4491615891456604,-0.42252832651138306,-0.3958950638771057,-0.36926180124282837,-0.342628538608551,-0.3159952759742737,-0.28936201333999634,-0.262728750705719,-0.23609548807144165,-0.2094622254371643,-0.18282896280288696,-0.15619570016860962,-0.12956243753433228,-0.10292917490005493,-0.07629591226577759,-0.049662649631500244,-0.0230293869972229,0.0036038756370544434,0.030237138271331787,0.05687040090560913,0.08350366353988647,0.11013692617416382,0.13677018880844116,0.1634034514427185,0.19003671407699585,0.2166699767112732,0.24330323934555054,0.2699365019798279,0.2965697646141052,0.32320302724838257,0.3498362898826599,0.37646955251693726,0.4031028151512146,0.42973607778549194,0.4563693404197693,0.48300260305404663,0.509635865688324,0.5362691283226013,0.5629023909568787,0.589535653591156,0.6161689162254333,0.6428021788597107,0.669435441493988,0.6960687041282654,0.7227019667625427,0.7493352293968201,0.7759684920310974,0.8026017546653748,0.8292350172996521,0.8558682799339294]},"_wandb":{"runtime":105},"val_loss":0.08761687707901002,"train_loss":0.11583469499647617,"parameters/net.6.weight":{"bins":[-1.4146441221237183,-1.3865727186203003,-1.3585013151168823,-1.3304299116134644,-1.302358627319336,-1.274287223815918,-1.2462158203125,-1.218144416809082,-1.190073013305664,-1.162001609802246,-1.1339302062988281,-1.1058588027954102,-1.0777873992919922,-1.0497159957885742,-1.0216447114944458,-0.9935733079910278,-0.9655019044876099,-0.9374305009841919,-0.9093590974807739,-0.8812877535820007,-0.8532163500785828,-0.8251449465751648,-0.7970736026763916,-0.7690021991729736,-0.7409307956695557,-0.7128593921661377,-0.6847879886627197,-0.6567166447639465,-0.6286452412605286,-0.6005738377571106,-0.5725024938583374,-0.5444310903549194,-0.5163596868515015,-0.4882882535457611,-0.46021685004234314,-0.43214550614356995,-0.404074102640152,-0.376002699136734,-0.3479313552379608,-0.31985995173454285,-0.2917885482311249,-0.2637171447277069,-0.23564574122428894,-0.20757439732551575,-0.17950299382209778,-0.1514315903186798,-0.12336024641990662,-0.09528884291648865,-0.06721743941307068,-0.03914603590965271,-0.011074662208557129,0.016996711492538452,0.04506811499595642,0.07313951849937439,0.10121089220046997,0.12928226590156555,0.15735366940498352,0.1854250580072403,0.21349644660949707,0.24156783521175385,0.2696392238140106,0.2977105975151062,0.32578200101852417,0.35385340452194214,0.3819247782230377],"_type":"histogram","values":[1,0,1,0,1,4,1,0,0,0,2,3,1,1,2,0,1,2,1,0,1,0,0,1,0,1,3,0,3,1,1,2,1,3,3,4,1,2,3,1,3,0,2,2,1,2,2,0,4,6,7,8,17,21,10,18,14,11,5,1,1,2,2,1]},"_step":40,"distribution_comparison":{"log_mode":"IMMUTABLE","sha256":"68fd0f1e3e63bb88e70ed326ec8b750e54b22895b6291e02d13d7eca6fdda444","nrows":3,"artifact_path":"wandb-client-artifact://ra4opm08ksvltnqmbtz0n5lttd8vr7sa3ma2tlrldzpwqhtpxp0dwo63l7lfaljx71uv5gvrogskx4ufs35koosq5lpcug0jt828jqczry62rvjucbvtg1b6k7w5ndh8/distribution_comparison.table.json","_latest_artifact_path":"wandb-client-artifact://z34k31621azsut8gn9tfc4ly7wzihqr1fwbnw57gajvcw8zta73ldbwzufnkn0o6u7gsox4wj4oef9b1p7yyp8j6h8wjp9o1iqg0fv1adqbk25dvggi1rjw0o5gojndr:latest/distribution_comparison.table.json","path":"media/table/distribution_comparison_0_68fd0f1e3e63bb88e70e.table.json","ncols":4,"size":236,"_type":"table-file"},"_timestamp":1.7778355925042589e+09,"columns":["Air temperature [K]","Process temperature [K]","Rotational speed [rpm]","Torque [Nm]","Tool wear [min]","Failure Type"],"parameters/net.0.weight":{"_type":"histogram","values":[1,0,0,0,0,0,0,0,1,1,2,2,6,4,3,3,2,3,3,6,3,2,3,2,3,4,6,3,7,3,4,9,7,5,9,7,2,8,2,3,1,3,0,5,3,4,4,4,1,2,4,2,2,3,7,3,4,5,1,2,0,1,1,1],