{"val_acc":0.8885,"parameters/net.6.bias":{"values":[1,0,0,0,0,0,0,0,0,0,0,0,0,0,0,1,0,0,0,0,0,0,0,0,0,0,0,0,0,0,0,0,0,0,0,0,2,0,0,0,0,0,0,0,0,0,0,0,0,0,0,0,0,0,1,0,0,0,0,0,0,0,0,1],"bins":[-0.4018472135066986,-0.3909820020198822,-0.3801167905330658,-0.3692515790462494,-0.358386367559433,-0.3475211560726166,-0.33665594458580017,-0.32579073309898376,-0.31492552161216736,-0.30406031012535095,-0.29319509863853455,-0.28232988715171814,-0.27146467566490173,-0.2605994641780853,-0.24973425269126892,-0.23886904120445251,-0.2280038297176361,-0.2171386182308197,-0.2062734067440033,-0.1954081952571869,-0.18454298377037048,-0.17367777228355408,-0.16281256079673767,-0.15194734930992126,-0.14108213782310486,-0.13021692633628845,-0.11935171484947205,-0.10848650336265564,-0.09762129187583923,-0.08675608038902283,-0.07589086890220642,-0.06502565741539001,-0.054160475730895996,-0.04329526424407959,-0.032430052757263184,-0.021564841270446777,-0.010699629783630371,0.00016558170318603516,0.011030793190002441,0.021896004676818848,0.032761216163635254,0.04362642765045166,0.054491639137268066,0.06535685062408447,0.07622206211090088,0.08708727359771729,0.09795248508453369,0.1088176965713501,0.1196829080581665,0.1305481195449829,0.14141333103179932,0.15227854251861572,0.16314375400543213,0.17400896549224854,0.18487417697906494,0.19573938846588135,0.20660459995269775,0.21746981143951416,0.22833502292633057,0.23920023441314697,0.2500654458999634,0.2609306573867798,0.2717958688735962,0.2826610803604126,0.293526291847229],"_type":"histogram"},"parameters/net.3.bias":{"_type":"histogram","values":[1,0,0,0,0,0,0,0,0,0,0,0,0,0,1,1,1,0,0,0,1,1,4,2,0,1,0,0,0,1,0,0,0,0,1,2,0,0,2,1,0,0,0,1,3,1,0,0,0,0,2,1,0,0,1,0,0,0,0,1,0,0,0,2],"bins":[-0.2856803834438324,-0.2737911641597748,-0.26190194487571716,-0.25001272559165955,-0.23812350630760193,-0.2262342870235443,-0.2143450677394867,-0.20245584845542908,-0.19056662917137146,-0.17867740988731384,-0.16678819060325623,-0.1548989713191986,-0.143009752035141,-0.13112053275108337,-0.11923131346702576,-0.10734209418296814,-0.09545287489891052,-0.0835636556148529,-0.07167443633079529,-0.05978521704673767,-0.047895997762680054,-0.036006778478622437,-0.02411755919456482,-0.012228339910507202,-0.00033912062644958496,0.011550098657608032,0.02343931794166565,0.03532853722572327,0.047217756509780884,0.0591069757938385,0.07099619507789612,0.08288541436195374,0.09477463364601135,0.10666385293006897,0.11855307221412659,0.1304422914981842,0.14233151078224182,0.15422073006629944,0.16610994935035706,0.17799916863441467,0.1898883879184723,0.2017776072025299,0.21366682648658752,0.22555604577064514,0.23744526505470276,0.24933448433876038,0.261223703622818,0.2731129229068756,0.2850021421909332,0.29689136147499084,0.30878058075904846,0.3206698000431061,0.3325590193271637,0.3444482386112213,0.35633745789527893,0.36822667717933655,0.38011589646339417,0.3920051157474518,0.4038943350315094,0.415783554315567,0.42767277359962463,0.43956199288368225,0.45145121216773987,0.4633404314517975,0.4752296507358551]},"_timestamp":1.7779306782629704e+09,"confusion_matrix":{"format":"png","width":600,"height":500,"_type":"image-file","sha256":"71ac5d9d08af7c174f3a4e5d91aac55e06883b75d8fb7f7a7513da7938ae286a","size":18992,"path":"media/images/confusion_matrix_23_71ac5d9d08af7c174f3a.png"},"_step":23,"val_loss":0.1235562714934349,"parameters/net.0.weight":{"bins":[-0.7924880981445312,-0.7684541344642639,-0.7444202303886414,-0.720386266708374,-0.6963523030281067,-0.6723183393478394,-0.6482844352722168,-0.6242504715919495,-0.6002165079116821,-0.5761826038360596,-0.5521486401557922,-0.5281146764755249,-0.5040807723999023,-0.480046808719635,-0.45601287484169006,-0.43197891116142273,-0.4079449772834778,-0.38391104340553284,-0.3598770797252655,-0.33584314584732056,-0.3118091821670532,-0.28777527809143066,-0.26374131441116333,-0.239707350730896,-0.21567344665527344,-0.1916394829750061,-0.16760551929473877,-0.14357155561447144,-0.11953765153884888,-0.09550368785858154,-0.07146972417831421,-0.04743582010269165,-0.02340179681777954,0.000632166862487793,0.02466607093811035,0.048700034618377686,0.07273399829864502,0.09676790237426758,0.12080186605453491,0.14483582973480225,0.16886979341506958,0.19290369749069214,0.21693766117095947,0.2409716248512268,0.26500552892684937,0.2890394926071167,0.31307342648506165,0.337107390165329,0.3611413240432739,0.38517525792121887,0.4092092216014862,0.43324315547943115,0.4572771191596985,0.48131105303764343,0.5053449869155884,0.5293789505958557,0.553412914276123,0.5774468183517456,0.6014807820320129,0.6255147457122803,0.6495486497879028,0.6735826134681702,0.6976165771484375,0.7216504812240601,0.7456844449043274],"_type":"histogram","values":[2,0,0,0,0,3,4,2,7,4,0,3,6,5,4,3,6,1,1,3,1,2,0,6,4,6,5,3,6,4,8,3,1,8,7,4,3,1,1,4,3,0,2,3,4,3,5,5,2,1,4,3,2,1,0,3,3,5,3,0,4,1,0,4]},"train_size":8000,"gradients/net.3.bias":{"_type":"histogram","values":[1,0,0,1,0,0,1,0,0,0,0,0,0,0,1,0,1,0,0,0,1,2,1,1,1,0,0,3,1,2,0,2,0,3,0,1,0,3,1,0,0,0,0,0,0,1,1,1,0,0,0,1,0,0,0,0,0,0,0,0,0,0,0,1],"bins":[-0.03355088457465172,-0.0324716717004776,-0.03139246255159378,-0.03031325154006481,-0.029234040528535843,-0.028154829517006874,-0.027075618505477905,-0.025996407493948936,-0.024917196482419968,-0.023837985470891,-0.02275877445936203,-0.02167956344783306,-0.020600352436304092,-0.019521141424775124,-0.018441930413246155,-0.017362719401717186,-0.016283508390188217,-0.015204297378659248,-0.01412508636713028,-0.01304587535560131,-0.011966664344072342,-0.010887453332543373,-0.009808242321014404,-0.008729031309485435,-0.007649820297956467,-0.006570609286427498,-0.005491398274898529,-0.00441218726336956,-0.0033329762518405914,-0.002253767102956772,-0.0011745542287826538,-9.534135460853577e-05,0.0009838715195655823,0.002063080668449402,0.00314229354262352,0.004221506416797638,0.0053007155656814575,0.006379926577210426,0.007459137588739395,0.008538348600268364,0.009617559611797333,0.010696770623326302,0.01177598163485527,0.01285519264638424,0.013934403657913208,0.015013614669442177,0.016092825680971146,0.017172036692500114,0.018251247704029083,0.019330458715558052,0.02040966972708702,0.02148888073861599,0.02256809175014496,0.023647302761673927,0.024726513773202896,0.025805724784731865,0.026884935796260834,0.027964146807789803,0.02904335781931877,0.03012256883084774,0.03120177984237671,0.03228098899126053,0.03336020186543465,0.034439414739608765,0.035518623888492584]},"_wandb":{"runtime":33},"columns":["Air temperature [K]","Process temperature [K]","Rotational speed [rpm]","Torque [Nm]","Tool wear [min]","Failure Type"],"epoch":22,"parameters/net.0.bias":{"values":[1,2,1,2,3,1,1,0,2,0,2,2,1,5,0,0,1,2,1,1,2,1,1,2,0,1,0,1,0,0,0,1,0,2,0,0,2,0,0,0,2,1,1,0,1,1,1,1,0,1,1,2,0,1,0,1,1,2,2,1,1,1,0,1],