{"_step":17,"gradients/net.6.bias":{"bins":[-0.06601033359766006,-0.06441031396389008,-0.06281029433012009,-0.0612102746963501,-0.05961025506258011,-0.05801023542881012,-0.05641021579504013,-0.05481019988656044,-0.05321018025279045,-0.05161016061902046,-0.05001014098525047,-0.048410121351480484,-0.046810101717710495,-0.045210082083940506,-0.043610066175460815,-0.042010046541690826,-0.04041002690792084,-0.03881000727415085,-0.03720998764038086,-0.03560996800661087,-0.03400994837284088,-0.03240992873907089,-0.030809909105300903,-0.029209889471530914,-0.027609869837760925,-0.026009850203990936,-0.024409830570220947,-0.022809814661741257,-0.021209795027971268,-0.01960977539420128,-0.01800975576043129,-0.0164097361266613,-0.014809716492891312,-0.013209696859121323,-0.011609677225351334,-0.010009657591581345,-0.008409637957811356,-0.006809618324041367,-0.005209602415561676,-0.003609582781791687,-0.002009563148021698,-0.000409543514251709,0.00119047611951828,0.002790495753288269,0.004390515387058258,0.005990535020828247,0.007590552791953087,0.009190572425723076,0.010790592059493065,0.012390611693263054,0.013990631327033043,0.015590649098157883,0.01719066873192787,0.01879068836569786,0.02039070799946785,0.02199072763323784,0.023590747267007828,0.025190766900777817,0.026790784671902657,0.028390804305672646,0.029990823939442635,0.031590841710567474,0.03319086134433746,0.03479088097810745,0.03639090061187744],"_type":"histogram","values":[1,0,0,0,0,0,0,0,0,0,0,0,0,0,0,0,0,0,0,0,0,0,0,0,0,0,0,0,0,0,0,0,0,0,0,0,0,1,0,0,1,0,0,0,0,0,0,0,0,0,0,1,0,1,0,0,0,0,0,0,0,0,0,1]},"columns":["Air temperature [K]","Process temperature [K]","Rotational speed [rpm]","Torque [Nm]","Tool wear [min]","Failure Type"],"gradients/net.3.bias":{"bins":[-0.03202855959534645,-0.03097587265074253,-0.02992318384349346,-0.02887049689888954,-0.027817808091640472,-0.026765121147036552,-0.025712434202432632,-0.024659745395183563,-0.023607058450579643,-0.022554371505975723,-0.021501682698726654,-0.020448995754122734,-0.019396308809518814,-0.018343620002269745,-0.017290933057665825,-0.016238244250416756,-0.015185557305812836,-0.014132870361208916,-0.013080181553959846,-0.012027494609355927,-0.010974805802106857,-0.009922118857502937,-0.008869431912899017,-0.007816743105649948,-0.006764056161046028,-0.005711369216442108,-0.004658680409193039,-0.003605993464589119,-0.002553306519985199,-0.0015006177127361298,-0.00044792890548706055,0.0006047561764717102,0.0016574487090110779,0.002710137516260147,0.003762822598218918,0.004815511405467987,0.005868200212717056,0.006920887157320976,0.007973574101924896,0.009026262909173965,0.010078949853777885,0.011131636798381805,0.012184325605630875,0.013237012550234795,0.014289699494838715,0.015342388302087784,0.016395075246691704,0.017447764053940773,0.018500450998544693,0.019553137943148613,0.020605826750397682,0.021658513695001602,0.02271120250225067,0.02376388944685459,0.02481657639145851,0.02586926519870758,0.0269219521433115,0.02797463908791542,0.02902732789516449,0.03008001483976841,0.03113270178437233,0.0321853905916214,0.03323807939887047,0.03429076448082924,0.03534345328807831],"_type":"histogram","values":[1,0,0,0,1,0,0,0,0,0,0,0,0,0,0,0,0,0,0,0,1,0,0,0,0,0,0,0,0,0,27,0,0,0,0,0,0,0,0,0,0,0,0,0,0,0,0,0,0,0,0,0,0,1,0,0,0,0,0,0,0,0,0,1]},"parameters/net.0.bias":{"_type":"histogram","values":[1,0,1,0,0,0,0,0,0,0,0,0,0,0,1,0,1,0,2,0,0,0,0,1,1,2,0,0,0,0,0,0,0,0,0,0,0,0,2,1,0,0,0,0,1,2,0,1,0,2,2,7,2,2,2,3,1,5,4,6,5,1,3,2],"bins":[-6.4076714515686035,-6.315728664398193,-6.223785877227783,-6.131842613220215,-6.039899826049805,-5.9479570388793945,-5.856014251708984,-5.764071464538574,-5.672128200531006,-5.580185413360596,-5.4882426261901855,-5.396299362182617,-5.304356575012207,-5.212413787841797,-5.120471000671387,-5.028528213500977,-4.936585426330566,-4.844642162322998,-4.752699375152588,-4.660756587982178,-4.568813323974609,-4.476870536804199,-4.384927749633789,-4.292984962463379,-4.201042175292969,-4.109099388122559,-4.017156600952148,-3.92521333694458,-3.83327054977417,-3.7413275241851807,-3.6493847370147705,-3.5574417114257812,-3.465498924255371,-3.373556137084961,-3.2816131114959717,-3.1896703243255615,-3.0977272987365723,-3.005784511566162,-2.913841485977173,-2.8218986988067627,-2.7299556732177734,-2.6380128860473633,-2.546070098876953,-2.454127073287964,-2.3621842861175537,-2.2702414989471436,-2.1782984733581543,-2.086355686187744,-1.9944126605987549,-1.9024698734283447,-1.8105268478393555,-1.7185840606689453,-1.626641035079956,-1.534698247909546,-1.4427554607391357,-1.3508124351501465,-1.2588696479797363,-1.166926622390747,-1.074983835220337,-0.9830409288406372,-0.8910980224609375,-0.7991551160812378,-0.7072122097015381,-0.6152693629264832,-0.5233264565467834]},"val_loss":0.13596808952093126,"parameters/net.0.weight":{"values":[1,0,0,0,0,1,0,0,0,0,0,0,0,0,0,0,0,0,0,0,2,1,5,4,5,12,13,34,37,36,17,6,2,1,2,1,2,1,1,0,1,0,0,0,0,0,0,1,0,1,0,0,2,0,0,0,0,1,0,0,1,0,0,1],"bins":[-4.503737926483154,-4.3476996421813965,-4.191661834716797,-4.035623550415039,-3.8795857429504395,-3.7235474586486816,-3.567509412765503,-3.411471366882324,-3.2554333209991455,-3.099395275115967,-2.943357229232788,-2.7873191833496094,-2.6312808990478516,-2.475242853164673,-2.319204807281494,-2.1631667613983154,-2.0071287155151367,-1.851090669631958,-1.6950526237487793,-1.5390145778656006,-1.3829765319824219,-1.226938247680664,-1.0709002017974854,-0.9148621559143066,-0.7588241100311279,-0.6027860641479492,-0.4467477798461914,-0.2907099723815918,-0.13467168807983398,0.021366119384765625,0.17740440368652344,0.33344221115112305,0.48948097229003906,0.6455192565917969,0.8015570640563965,0.9575953483581543,1.113633155822754,1.2696714401245117,1.4257092475891113,1.5817475318908691,1.7377855777740479,1.8938236236572266,2.0498616695404053,2.205899715423584,2.361937999725342,2.5179760456085205,2.674014091491699,2.830052137374878,2.9860901832580566,3.1421282291412354,3.298166275024414,3.4542043209075928,3.6102423667907715,3.7662806510925293,3.922318696975708,4.078356742858887,4.2343950271606445,4.390432834625244,4.546471118927002,4.702508926391602,4.858547210693359,5.014585018157959,5.170623302459717,5.326661109924316,5.482699394226074],"_type":"histogram"},"parameters/net.3.weight":{"_type":"histogram","values":[1,1,0,0,0,0,0,0,0,1,0,2,0,0,1,2,2,2,0,3,4,3,4,6,5,7,6,6,6,15,28,25,57,166,470,355,198,218,204,63,35,72,35,17,8,6,4,2,3,2,1,0,0,0,0,0,1,0,0,0,0,0,0,1],"bins":[-6.3057169914245605,-6.140512943267822,-5.975308418273926,-5.8101043701171875,-5.644899845123291,-5.479695796966553,-5.314491271972656,-5.149287223815918,-4.98408317565918,-4.818878650665283,-4.653674602508545,-4.488470077514648,-4.32326602935791,-4.158061981201172,-3.9928576946258545,-3.827653408050537,-3.6624491214752197,-3.4972448348999023,-3.332040548324585,-3.1668365001678467,-3.0016322135925293,-2.836427927017212,-2.6712236404418945,-2.506019353866577,-2.3408150672912598,-2.1756110191345215,-2.010406494140625,-1.8452024459838867,-1.6799983978271484,-1.514793872833252,-1.3495898246765137,-1.1843852996826172,-1.019181251525879,-0.8539772033691406,-0.6887726783752441,-0.5235686302185059,-0.3583641052246094,-0.1931600570678711,-0.027956008911132812,0.13724851608276367,0.30245256423950195,0.46765685081481934,0.6328611373901367,0.7980654239654541,0.9632697105407715,1.1284739971160889,1.2936780452728271,1.4588823318481445,1.624086618423462,1.7892909049987793,1.9544951915740967,2.119699239730835,2.2849035263061523,2.4501078128814697,2.615312099456787,2.7805161476135254,2.945720672607422,3.11092472076416,3.2761290073394775,3.441333293914795,3.6065375804901123,3.7717418670654297,3.936945915222168,4.1021504402160645,4.267354488372803]},"val_prec":0.19666852006301547,"parameters/net.6.bias":{"values":[1,0,0,0,0,0,0,0,0,0,0,0,0,0,0,0,0,0,0,0,0,0,1,0,0,0,0,0,0,0,0,0,0,1,0,0,0,0,0,0,0,0,0,0,0,0,0,0,0,0,0,0,0,0,0,0,0,1,0,0,1,0,0,1],