{"train_size":8000,"gradients/net.0.weight":{"values":[1,0,0,0,0,0,0,0,0,0,2,0,0,0,0,0,0,0,1,1,2,0,2,1,1,2,5,1,4,5,21,16,42,21,15,8,4,10,4,2,4,2,1,2,1,0,0,0,0,1,1,1,2,0,1,0,1,1,0,0,1,1,0,1],"bins":[-0.2753569185733795,-0.26695188879966736,-0.2585468888282776,-0.25014185905456543,-0.24173682928085327,-0.2333318144083023,-0.22492679953575134,-0.21652176976203918,-0.20811675488948822,-0.19971174001693726,-0.1913067102432251,-0.18290169537067413,-0.17449668049812317,-0.166091650724411,-0.15768663585186005,-0.1492816060781479,-0.14087659120559692,-0.13247157633304596,-0.1240665465593338,-0.11566153168678284,-0.10725650191307068,-0.09885148704051971,-0.09044647216796875,-0.08204144239425659,-0.07363642752170563,-0.06523141264915466,-0.056826382875442505,-0.04842136800289154,-0.040016353130340576,-0.03161132335662842,-0.02320629358291626,-0.01480129361152649,-0.006396263837814331,0.002008765935897827,0.010413765907287598,0.018818795680999756,0.027223825454711914,0.03562884032726288,0.04403385519981384,0.052438884973526,0.060843899846076965,0.06924891471862793,0.07765394449234009,0.08605895936489105,0.09446397423744202,0.10286900401115417,0.11127401888370514,0.1196790486574173,0.12808406352996826,0.13648907840251923,0.14489410817623138,0.15329912304878235,0.1617041528224945,0.17010916769504547,0.17851418256759644,0.1869192123413086,0.19532422721385956,0.20372924208641052,0.21213427186012268,0.22053928673267365,0.2289443016052246,0.23734933137893677,0.24575434625148773,0.2541593611240387,0.26256439089775085],"_type":"histogram"},"_timestamp":1.7776528813158865e+09,"val_acc":0.665,"parameters/net.3.weight":{"bins":[-2.1407761573791504,-2.0694661140441895,-1.9981563091278076,-1.9268462657928467,-1.8555363416671753,-1.784226417541504,-1.712916374206543,-1.6416064500808716,-1.5702965259552002,-1.4989866018295288,-1.4276766777038574,-1.3563666343688965,-1.285056710243225,-1.2137467861175537,-1.1424367427825928,-1.0711268186569214,-0.99981689453125,-0.9285069704055786,-0.8571970462799072,-0.7858870029449463,-0.7145770788192749,-0.6432671546936035,-0.5719571113586426,-0.5006471872329712,-0.4293372631072998,-0.3580273389816284,-0.28671741485595703,-0.2154073715209961,-0.1440974473953247,-0.07278752326965332,-0.0014774799346923828,0.06983232498168945,0.1411421298980713,0.21245217323303223,0.28376197814941406,0.355072021484375,0.4263819456100464,0.4976918697357178,0.5690019130706787,0.6403118371963501,0.7116217613220215,0.7829316854476929,0.8542416095733643,0.9255516529083252,0.9968615770339966,1.068171501159668,1.139481544494629,1.2107914686203003,1.2821013927459717,1.353411316871643,1.4247212409973145,1.4960312843322754,1.5673412084579468,1.6386511325836182,1.709961175918579,1.7812711000442505,1.8525810241699219,1.9238909482955933,1.9952008724212646,2.0665109157562256,2.1378207206726074,2.2091307640075684,2.2804408073425293,2.351750612258911,2.423060655593872],"_type":"histogram","values":[1,0,1,1,0,2,3,3,0,2,2,6,6,10,11,4,9,18,14,25,17,25,41,52,53,63,86,114,183,294,380,231,133,69,48,35,24,19,15,5,10,7,4,4,2,1,2,2,1,1,1,0,1,0,0,0,1,2,0,1,0,1,1,1]},"confusion_matrix":{"height":500,"_type":"image-file","sha256":"f5686eb2067239e167667b4e8a151c6f7ebc31c760e0b5c34e5c2ba3e1d2e181","size":18112,"path":"media/images/confusion_matrix_37_f5686eb2067239e16766.png","format":"png","width":600},"gradients/net.6.bias":{"values":[1,0,0,0,0,0,0,0,0,0,0,0,0,0,0,0,0,0,0,0,0,0,1,0,0,0,0,0,0,0,1,0,0,0,1,0,0,0,0,0,0,0,0,0,0,0,0,0,0,0,0,0,0,0,0,0,0,0,0,0,1,0,0,1],"bins":[-0.08386436104774475,-0.08148513734340668,-0.0791059136390686,-0.07672668993473053,-0.07434746623039246,-0.07196824252605438,-0.06958901882171631,-0.06720979511737823,-0.06483057141304016,-0.062451351433992386,-0.06007212772965431,-0.05769290775060654,-0.05531368404626846,-0.05293446034193039,-0.050555236637592316,-0.04817601293325424,-0.04579678922891617,-0.043417565524578094,-0.04103834182024002,-0.03865911811590195,-0.03627989441156387,-0.0339006744325161,-0.031521450728178024,-0.02914222702383995,-0.026763003319501877,-0.024383779615163803,-0.02200455591082573,-0.019625335931777954,-0.01724611222743988,-0.014866888523101807,-0.012487664818763733,-0.01010844111442566,-0.0077292099595069885,-0.005349986255168915,-0.002970762550830841,-0.0005915388464927673,0.0017876848578453064,0.00416690856218338,0.006546128541231155,0.008925352245569229,0.011304575949907303,0.013683799654245377,0.01606302335858345,0.018442247062921524,0.0208214670419693,0.023200690746307373,0.025579914450645447,0.02795913815498352,0.030338361859321594,0.03271758556365967,0.03509680926799774,0.037476032972335815,0.03985525667667389,0.04223448038101196,0.04461370036005974,0.04699292406439781,0.049372147768735886,0.05175137147307396,0.05413059517741203,0.05650981515645981,0.05888903886079788,0.061268262565135956,0.06364748626947403,0.0660267099738121,0.06840593367815018],"_type":"histogram"},"parameters/net.6.weight":{"_type":"histogram","values":[1,0,0,1,1,0,0,0,0,1,1,2,0,1,2,0,1,0,1,3,0,2,2,2,4,1,3,2,1,1,0,1,3,2,0,0,4,4,5,3,2,6,4,2,4,3,4,9,11,20,20,19,10,7,2,3,0,2,2,1,5,0,0,1],"bins":[-2.5562098026275635,-2.50227689743042,-2.4483442306518555,-2.394411325454712,-2.3404784202575684,-2.286545753479004,-2.2326128482818604,-2.178679943084717,-2.1247472763061523,-2.070814371109009,-2.0168814659118652,-1.9629486799240112,-1.9090158939361572,-1.8550829887390137,-1.8011502027511597,-1.7472174167633057,-1.693284511566162,-1.639351725578308,-1.585418939590454,-1.5314860343933105,-1.4775532484054565,-1.4236204624176025,-1.369687557220459,-1.315754771232605,-1.261821985244751,-1.2078890800476074,-1.1539562940597534,-1.1000235080718994,-1.0460906028747559,-0.9921578168869019,-0.9382250308990479,-0.8842921257019043,-0.8303592801094055,-0.7764264941215515,-0.722493588924408,-0.668560802936554,-0.6146280169487,-0.5606951117515564,-0.5067623257637024,-0.4528295397758484,-0.39889663457870483,-0.34496384859085083,-0.2910310626029968,-0.23709815740585327,-0.18316537141799927,-0.12923258543014526,-0.07529968023300171,-0.021366894245147705,0.032565951347351074,0.08649879693984985,0.14043158292770386,0.19436442852020264,0.24829727411270142,0.3022300601005554,0.3561629056930542,0.410095751285553,0.46402856707572937,0.5179613828659058,0.5718942284584045,0.6258270740509033,0.6797598600387573,0.7336927056312561,0.7876255512237549,0.8415583372116089,0.8954911828041077]},"test_size":2000,"val_rec":0.6543144092043055,"parameters/net.3.bias":{"_type":"histogram","values":[1,0,0,0,0,0,0,0,1,0,1,1,0,0,0,0,0,0,0,0,0,0,0,0,0,2,1,0,1,1,0,0,1,0,0,1,1,1,0,1,1,1,1,1,1,0,1,0,0,1,1,1,4,0,0,0,0,0,0,0,0,0,2,3],"bins":[-0.742097795009613,-0.7185580730438232,-0.6950184106826782,-0.6714787483215332,-0.6479390263557434,-0.6243993043899536,-0.6008596420288086,-0.5773199796676636,-0.5537802577018738,-0.530240535736084,-0.506700873374939,-0.48316118121147156,-0.45962148904800415,-0.43608179688453674,-0.41254210472106934,-0.38900241255760193,-0.3654627203941345,-0.3419230282306671,-0.3183833360671997,-0.2948436439037323,-0.2713039517402649,-0.24776425957679749,-0.22422456741333008,-0.20068484544754028,-0.17714518308639526,-0.15360552072525024,-0.13006579875946045,-0.10652607679367065,-0.08298641443252563,-0.059446752071380615,-0.03590703010559082,-0.012367308139801025,0.01117241382598877,0.03471207618713379,0.058251798152923584,0.08179152011871338,0.1053311824798584,0.12887084484100342,0.1524105668067932,0.175950288772583,0.19948995113372803,0.22302961349487305,0.24656933546066284,0.27010902762413025,0.29364871978759766,0.31718841195106506,0.34072810411453247,0.3642677962779999,0.3878074884414673,0.4113471806049347,0.4348868727684021,0.4584265649318695,0.4819662570953369,0.5055059194564819,0.5290456414222717,0.5525853633880615,0.5761250257492065,0.5996646881103516,0.6232044100761414,0.6467441320419312,0.6702837944030762,0.6938234567642212,0.717363178730011,0.7409029006958008,0.7644425630569458]},"rows":10000,"gradients/net.3.bias":{"_type":"histogram",